firstName,lastName,email,gender,country
Glendon,Cisneros,gcisneros0@japanpost.jp,gcisneros0@japanpost.jp,Genderfluid,Nicaragua
Perle,Khadir,pkhadir1@bbc.co.uk,pkhadir1@bbc.co.uk,Agender,Ukraine
Robbie,Dadley,rdadley2@sakura.ne.jp,rdadley2@sakura.ne.jp,Non-binary,China
Sydelle,Ornelas,sornelas3@phoca.cz,sornelas3@phoca.cz,Bigender,Indonesia
Laurent,Jurries,ljurries4@aboutads.info,ljurries4@aboutads.info,Female,Norway
Teador,Klampk,tklampk5@yale.edu,tklampk5@yale.edu,Bigender,Russia
Eugenius,Appleton,eappleton6@youtu.be,eappleton6@youtu.be,Genderfluid,Lithuania
Annie,Micco,amicco7@eepurl.com,amicco7@eepurl.com,Bigender,Russia
Doralin,Zukierman,dzukierman8@apache.org,dzukierman8@apache.org,Polygender,Czech Republic
Rica,Loche,rloche9@51.la,rloche9@51.la,Agender,China
Brandie,Aiken,baikena@slate.com,baikena@slate.com,Agender,Poland
Eldin,Snipe,esnipeb@google.ca,esnipeb@google.ca,Agender,Honduras
Henrieta,Norcott,hnorcottc@microsoft.com,hnorcottc@microsoft.com,Agender,Namibia
Yvon,Ferries,yferriesd@howstuffworks.com,yferriesd@howstuffworks.com,Male,Japan
Janene,Gooly,jgoolye@rambler.ru,jgoolye@rambler.ru,Genderqueer,Ukraine
Jorey,Tidbold,jtidboldf@ebay.com,jtidboldf@ebay.com,Non-binary,Brazil
Rhys,Henriques,rhenriquesg@blogger.com,rhenriquesg@blogger.com,Agender,Indonesia
Barton,Sterman,bstermanh@hugedomains.com,bstermanh@hugedomains.com,Genderfluid,Bahamas
Roch,Dobrowski,rdobrowskii@ca.gov,rdobrowskii@ca.gov,Polygender,Honduras
Octavia,Davidowich,odavidowichj@fotki.com,odavidowichj@fotki.com,Polygender,Nicaragua
Sharyl,Miguel,smiguelk@archive.org,smiguelk@archive.org,Bigender,Russia
Georgette,Romanet,gromanetl@example.com,gromanetl@example.com,Non-binary,Portugal
Desdemona,Livzey,dlivzeym@wiley.com,dlivzeym@wiley.com,Female,Brazil
Ema,Empringham,eempringhamn@taobao.com,eempringhamn@taobao.com,Genderfluid,Brazil
Charles,Flancinbaum,cflancinbaumo@pen.io,cflancinbaumo@pen.io,Polygender,Norway
Milty,Paff,mpaffp@sohu.com,mpaffp@sohu.com,Male,Italy
Maxy,Creak,mcreakq@patch.com,mcreakq@patch.com,Agender,China
Brok,Jacobowitz,bjacobowitzr@smh.com.au,bjacobowitzr@smh.com.au,Bigender,Philippines
Kevan,Bullon,kbullons@g.co,kbullons@g.co,Female,France
Cacilie,Ivell,civellt@youtube.com,civellt@youtube.com,Genderqueer,Kazakhstan
Mandy,Emerine,memerineu@altervista.org,memerineu@altervista.org,Non-binary,Yemen
Randi,Bessey,rbesseyv@cafepress.com,rbesseyv@cafepress.com,Genderqueer,Argentina
Giovanni,Flowerden,gflowerdenw@gov.uk,gflowerdenw@gov.uk,Non-binary,China
Kristan,Malsher,kmalsherx@about.com,kmalsherx@about.com,Agender,Ethiopia
Gallagher,Cutten,gcutteny@last.fm,gcutteny@last.fm,Agender,Vietnam
Shelly,McPhee,smcpheez@thetimes.co.uk,smcpheez@thetimes.co.uk,Female,Botswana
Yvette,Coysh,ycoysh10@statcounter.com,ycoysh10@statcounter.com,Genderqueer,China
Oneida,Hawksley,ohawksley11@statcounter.com,ohawksley11@statcounter.com,Genderfluid,South Africa
Deidre,Dene,ddene12@networksolutions.com,ddene12@networksolutions.com,Agender,Russia
Faith,Emanuelov,femanuelov13@cargocollective.com,femanuelov13@cargocollective.com,Genderqueer,Mexico
Amelina,Venney,avenney14@mapquest.com,avenney14@mapquest.com,Bigender,Philippines
Carolina,Connochie,cconnochie15@wikimedia.org,cconnochie15@wikimedia.org,Genderfluid,Brazil
Lorry,Wherrit,lwherrit16@stanford.edu,lwherrit16@stanford.edu,Non-binary,United States
Jeremias,Iddy,jiddy17@surveymonkey.com,jiddy17@surveymonkey.com,Genderqueer,Paraguay
Maegan,Flanne,mflanne18@dedecms.com,mflanne18@dedecms.com,Non-binary,Czech Republic
Shaylah,Robey,srobey19@e-recht24.de,srobey19@e-recht24.de,Male,China
Tomi,Parsley,tparsley1a@hp.com,tparsley1a@hp.com,Female,China
Harmonia,Collings,hcollings1b@privacy.gov.au,hcollings1b@privacy.gov.au,Bigender,China
Fifine,Weale,fweale1c@360.cn,fweale1c@360.cn,Polygender,China
Marsha,Ball,mball1d@smh.com.au,mball1d@smh.com.au,Male,Iran
Hope,Furmenger,hfurmenger1e@feedburner.com,hfurmenger1e@feedburner.com,Genderqueer,Russia
Mellicent,Eldered,meldered1f@woothemes.com,meldered1f@woothemes.com,Female,Argentina
Genovera,Laviss,glaviss1g@stanford.edu,glaviss1g@stanford.edu,Agender,Indonesia
Valeda,Escot,vescot1h@shutterfly.com,vescot1h@shutterfly.com,Genderfluid,Ukraine
Ethan,MacDonough,emacdonough1i@cargocollective.com,emacdonough1i@cargocollective.com,Agender,Belarus
Cletus,Hounsom,chounsom1j@wikipedia.org,chounsom1j@wikipedia.org,Male,Peru
Erda,McIlhagga,emcilhagga1k@boston.com,emcilhagga1k@boston.com,Bigender,Indonesia
Osmund,Wearing,owearing1l@baidu.com,owearing1l@baidu.com,Female,Poland
Annissa,Kubu,akubu1m@nps.gov,akubu1m@nps.gov,Genderqueer,Bolivia
Rustin,Plumbridge,rplumbridge1n@yale.edu,rplumbridge1n@yale.edu,Male,France
Kelcy,Foystone,kfoystone1o@merriam-webster.com,kfoystone1o@merriam-webster.com,Genderfluid,Indonesia
Even,Nertney,enertney1p@loc.gov,enertney1p@loc.gov,Genderqueer,Mexico
Florenza,Velten,fvelten1q@freewebs.com,fvelten1q@freewebs.com,Genderqueer,Mexico
Padriac,McKeaveney,pmckeaveney1r@narod.ru,pmckeaveney1r@narod.ru,Genderqueer,Indonesia
Eric,Dowling,edowling1s@goo.gl,edowling1s@goo.gl,Genderfluid,China
Bard,Etchells,betchells1t@discovery.com,betchells1t@discovery.com,Genderqueer,Ecuador
Elroy,Ridgedell,eridgedell1u@cornell.edu,eridgedell1u@cornell.edu,Female,Peru
Dael,Spoerl,dspoerl1v@nytimes.com,dspoerl1v@nytimes.com,Genderfluid,Madagascar
Shawna,Scotts,sscotts1w@wired.com,sscotts1w@wired.com,Genderfluid,Czech Republic
Nicholas,Stormouth,nstormouth1x@soup.io,nstormouth1x@soup.io,Male,Peru
Aggie,Byer,abyer1y@abc.net.au,abyer1y@abc.net.au,Genderfluid,Thailand
Audy,Weatherill,aweatherill1z@shutterfly.com,aweatherill1z@shutterfly.com,Agender,Poland
Mirilla,Leather,mleather20@deliciousdays.com,mleather20@deliciousdays.com,Genderqueer,Vietnam
Vasily,Hunnybun,vhunnybun21@g.co,vhunnybun21@g.co,Non-binary,Brazil
Winona,Kobiera,wkobiera22@umn.edu,wkobiera22@umn.edu,Bigender,Syria
Ravid,Checo,rcheco23@cam.ac.uk,rcheco23@cam.ac.uk,Genderqueer,Sweden
Angela,Sails,asails24@cdc.gov,asails24@cdc.gov,Female,Colombia
Joaquin,Poor,jpoor25@vk.com,jpoor25@vk.com,Polygender,Malaysia
Bruno,Edmunds,bedmunds26@marriott.com,bedmunds26@marriott.com,Female,China
Ertha,Augustine,eaugustine27@springer.com,eaugustine27@springer.com,Agender,Ukraine
Gearard,Bevir,gbevir28@squarespace.com,gbevir28@squarespace.com,Genderqueer,China
Brendin,Capron,bcapron29@1688.com,bcapron29@1688.com,Agender,China
Sean,Gadaud,sgadaud2a@webs.com,sgadaud2a@webs.com,Agender,Finland
Hermon,Tartt,htartt2b@sfgate.com,htartt2b@sfgate.com,Bigender,Sweden
Ariela,Davidsen,adavidsen2c@dmoz.org,adavidsen2c@dmoz.org,Bigender,Philippines
Efren,Goulborn,egoulborn2d@google.es,egoulborn2d@google.es,Female,Philippines
Rodney,McCallam,rmccallam2e@edublogs.org,rmccallam2e@edublogs.org,Bigender,China
Clovis,Gosney,cgosney2f@desdev.cn,cgosney2f@desdev.cn,Female,United States
Germain,Crosher,gcrosher2g@meetup.com,gcrosher2g@meetup.com,Bigender,Indonesia
Candide,Napoleone,cnapoleone2h@seattletimes.com,cnapoleone2h@seattletimes.com,Genderqueer,Philippines
Carr,Tripney,ctripney2i@buzzfeed.com,ctripney2i@buzzfeed.com,Polygender,Croatia
Dionisio,Northfield,dnorthfield2j@engadget.com,dnorthfield2j@engadget.com,Genderqueer,Russia
Austin,Fosh,afosh2k@paginegialle.it,afosh2k@paginegialle.it,Genderfluid,Indonesia
Tersina,Anten,tanten2l@noaa.gov,tanten2l@noaa.gov,Male,Sri Lanka
Hernando,Dougary,hdougary2m@senate.gov,hdougary2m@senate.gov,Male,China
Chaddie,Cowerd,ccowerd2n@macromedia.com,ccowerd2n@macromedia.com,Agender,China
Jillayne,Syrad,jsyrad2o@globo.com,jsyrad2o@globo.com,Genderfluid,Greece
Reginald,Chudleigh,rchudleigh2p@comcast.net,rchudleigh2p@comcast.net,Female,Colombia
Cecilla,Scholling,cscholling2q@elegantthemes.com,cscholling2q@elegantthemes.com,Polygender,Portugal
Irving,Le Gall,ilegall2r@globo.com,ilegall2r@globo.com,Female,France
Gonzales,Btham,gbtham2s@sphinn.com,gbtham2s@sphinn.com,Agender,Peru
Alfonso,Barthropp,abarthropp2t@studiopress.com,abarthropp2t@studiopress.com,Agender,China
Janice,Clopton,jclopton2u@cbsnews.com,jclopton2u@cbsnews.com,Genderqueer,Portugal
Jeanette,Matiashvili,jmatiashvili2v@barnesandnoble.com,jmatiashvili2v@barnesandnoble.com,Female,Portugal
Meryl,Louw,mlouw2w@nydailynews.com,mlouw2w@nydailynews.com,Genderqueer,China
Byron,Maryin,bmaryin2x@msu.edu,bmaryin2x@msu.edu,Genderqueer,Paraguay
Bernelle,Greathead,bgreathead2y@china.com.cn,bgreathead2y@china.com.cn,Genderfluid,Indonesia
Karon,Kibbey,kkibbey2z@indiegogo.com,kkibbey2z@indiegogo.com,Female,Poland
Fulvia,Kesey,fkesey30@berkeley.edu,fkesey30@berkeley.edu,Genderfluid,Indonesia
Jeffry,Parks,jparks31@lulu.com,jparks31@lulu.com,Genderfluid,Spain
Kippie,Reany,kreany32@dailymail.co.uk,kreany32@dailymail.co.uk,Genderfluid,France
Clayborne,Balbeck,cbalbeck33@reference.com,cbalbeck33@reference.com,Bigender,Philippines
Marna,Ambrose,mambrose34@hubpages.com,mambrose34@hubpages.com,Female,China
Kassandra,Cressey,kcressey35@facebook.com,kcressey35@facebook.com,Non-binary,Indonesia
Bernardina,Ogger,bogger36@forbes.com,bogger36@forbes.com,Female,Serbia
Giovanni,Cunah,gcunah37@senate.gov,gcunah37@senate.gov,Female,United States
Hobard,Barringer,hbarringer38@kickstarter.com,hbarringer38@kickstarter.com,Genderfluid,China
Joli,O'Kieran,jokieran39@google.com,jokieran39@google.com,Genderfluid,France
Nissie,Jakaway,njakaway3a@t-online.de,njakaway3a@t-online.de,Female,China
Jerrine,Burren,jburren3b@ebay.com,jburren3b@ebay.com,Bigender,Peru
Etheline,Nudds,enudds3c@economist.com,enudds3c@economist.com,Genderfluid,Ukraine
Lawrence,Priddis,lpriddis3d@wikimedia.org,lpriddis3d@wikimedia.org,Bigender,Colombia
Bellanca,Linkin,blinkin3e@blog.com,blinkin3e@blog.com,Female,Albania
Trueman,Clayill,tclayill3f@seesaa.net,tclayill3f@seesaa.net,Female,Russia
Alex,Phillips,aphillips3g@china.com.cn,aphillips3g@china.com.cn,Bigender,Cameroon
Britney,Parlor,bparlor3h@studiopress.com,bparlor3h@studiopress.com,Genderfluid,China
Eb,Jordon,ejordon3i@com.com,ejordon3i@com.com,Agender,Philippines
Fayina,Delagnes,fdelagnes3j@scribd.com,fdelagnes3j@scribd.com,Male,Angola
Yorker,Chaves,ychaves3k@mysql.com,ychaves3k@mysql.com,Genderfluid,Poland
Edythe,Budgen,ebudgen3l@ucoz.com,ebudgen3l@ucoz.com,Non-binary,Indonesia
Fayette,Kaysor,fkaysor3m@buzzfeed.com,fkaysor3m@buzzfeed.com,Bigender,Argentina
Dulcinea,Argrave,dargrave3n@tripadvisor.com,dargrave3n@tripadvisor.com,Genderfluid,China
Ly,Sargison,lsargison3o@cdbaby.com,lsargison3o@cdbaby.com,Polygender,China
Angus,Petroselli,apetroselli3p@pcworld.com,apetroselli3p@pcworld.com,Polygender,China
Martie,Lindblad,mlindblad3q@imdb.com,mlindblad3q@imdb.com,Genderfluid,China
Ivor,Hyam,ihyam3r@google.com.hk,ihyam3r@google.com.hk,Male,Thailand
Burg,Brotherhed,bbrotherhed3s@bloomberg.com,bbrotherhed3s@bloomberg.com,Female,Brazil
Jock,Mackrill,jmackrill3t@booking.com,jmackrill3t@booking.com,Male,China
Odilia,Gandy,ogandy3u@bizjournals.com,ogandy3u@bizjournals.com,Bigender,Peru
Nerte,Neljes,nneljes3v@businessweek.com,nneljes3v@businessweek.com,Genderfluid,Algeria
Nathalia,Crosfeld,ncrosfeld3w@t-online.de,ncrosfeld3w@t-online.de,Genderqueer,China
Aubert,Lumsdaine,alumsdaine3x@shutterfly.com,alumsdaine3x@shutterfly.com,Bigender,Syria
Sloan,Clinch,sclinch3y@sohu.com,sclinch3y@sohu.com,Genderqueer,Niger
Adoree,MacElharge,amacelharge3z@samsung.com,amacelharge3z@samsung.com,Agender,Bosnia and Herzegovina
Lynnet,Akam,lakam40@drupal.org,lakam40@drupal.org,Polygender,China
Doll,Beininck,dbeininck41@icq.com,dbeininck41@icq.com,Bigender,Ireland
Silva,Antonellini,santonellini42@hugedomains.com,santonellini42@hugedomains.com,Bigender,Cameroon
Abra,Makinson,amakinson43@nps.gov,amakinson43@nps.gov,Genderqueer,Germany
Denise,Spiteri,dspiteri44@soup.io,dspiteri44@soup.io,Genderqueer,Afghanistan
Adeline,Robroe,arobroe45@ucsd.edu,arobroe45@ucsd.edu,Genderfluid,Indonesia
Dorella,Dominy,ddominy46@constantcontact.com,ddominy46@constantcontact.com,Bigender,Brazil
Osmond,Kausche,okausche47@issuu.com,okausche47@issuu.com,Male,Ukraine
Tim,Pues,tpues48@dell.com,tpues48@dell.com,Female,Norway
Halley,Linthead,hlinthead49@telegraph.co.uk,hlinthead49@telegraph.co.uk,Non-binary,United Kingdom
Lenee,Konertz,lkonertz4a@ox.ac.uk,lkonertz4a@ox.ac.uk,Bigender,Azerbaijan
Erek,Hustler,ehustler4b@uol.com.br,ehustler4b@uol.com.br,Genderqueer,Brazil
Alasdair,Camamile,acamamile4c@bandcamp.com,acamamile4c@bandcamp.com,Bigender,China
Lynn,Cronshaw,lcronshaw4d@vk.com,lcronshaw4d@vk.com,Polygender,Mauritius
Burr,Deble,bdeble4e@examiner.com,bdeble4e@examiner.com,Genderqueer,China
Lucky,Jodlkowski,ljodlkowski4f@alibaba.com,ljodlkowski4f@alibaba.com,Genderqueer,Rwanda
Hamish,Matveiko,hmatveiko4g@usgs.gov,hmatveiko4g@usgs.gov,Genderqueer,Bulgaria
Salvador,Coppo,scoppo4h@mlb.com,scoppo4h@mlb.com,Genderfluid,Indonesia
Terrye,Wyant,twyant4i@shareasale.com,twyant4i@shareasale.com,Genderfluid,Japan
Didi,Pimm,dpimm4j@japanpost.jp,dpimm4j@japanpost.jp,Genderqueer,Serbia
Jacintha,Bollini,jbollini4k@soup.io,jbollini4k@soup.io,Non-binary,China
Madelene,Wyman,mwyman4l@china.com.cn,mwyman4l@china.com.cn,Agender,Ukraine
Leo,Stripling,lstripling4m@alibaba.com,lstripling4m@alibaba.com,Non-binary,Madagascar
Renado,Vearncombe,rvearncombe4n@cocolog-nifty.com,rvearncombe4n@cocolog-nifty.com,Genderfluid,China
Evy,Fruchter,efruchter4o@ning.com,efruchter4o@ning.com,Genderfluid,China
Nichols,Gye,ngye4p@paypal.com,ngye4p@paypal.com,Genderfluid,Greece
Earlie,Reynard,ereynard4q@msn.com,ereynard4q@msn.com,Non-binary,Indonesia
Margette,Petrollo,mpetrollo4r@samsung.com,mpetrollo4r@samsung.com,Genderfluid,Afghanistan
Emelita,Leere,eleere4s@blog.com,eleere4s@blog.com,Female,Russia
Allene,Duckitt,aduckitt4t@yahoo.co.jp,aduckitt4t@yahoo.co.jp,Genderfluid,Sweden
Leigha,Yesson,lyesson4u@wp.com,lyesson4u@wp.com,Bigender,China
Jerald,Gunning,jgunning4v@goo.gl,jgunning4v@goo.gl,Genderqueer,China
Roy,Heliar,rheliar4w@dagondesign.com,rheliar4w@dagondesign.com,Polygender,Bangladesh
Kissie,Gumn,kgumn4x@ed.gov,kgumn4x@ed.gov,Genderfluid,United States
Hildagarde,Chalker,hchalker4y@msn.com,hchalker4y@msn.com,Agender,China
Garret,Maryet,gmaryet4z@github.io,gmaryet4z@github.io,Agender,Finland
Lisha,Giovannini,lgiovannini50@canalblog.com,lgiovannini50@canalblog.com,Genderqueer,China
Dominick,Feldmesser,dfeldmesser51@wikimedia.org,dfeldmesser51@wikimedia.org,Genderqueer,United States
Mortie,Merwood,mmerwood52@nature.com,mmerwood52@nature.com,Agender,Canada
Raquela,Pavel,rpavel53@mtv.com,rpavel53@mtv.com,Non-binary,China
Kora,Cianni,kcianni54@bbb.org,kcianni54@bbb.org,Bigender,North Korea
Vannie,Punter,vpunter55@yahoo.com,vpunter55@yahoo.com,Female,China
Matthaeus,Haywood,mhaywood56@abc.net.au,mhaywood56@abc.net.au,Male,Malawi
Siana,Mole,smole57@theglobeandmail.com,smole57@theglobeandmail.com,Genderfluid,France
Drusilla,Vannar,dvannar58@multiply.com,dvannar58@multiply.com,Non-binary,Iran
Ariadne,Guillem,aguillem59@desdev.cn,aguillem59@desdev.cn,Genderfluid,Indonesia
Florri,Burnitt,fburnitt5a@nytimes.com,fburnitt5a@nytimes.com,Polygender,Belgium
Lyndsie,Wasylkiewicz,lwasylkiewicz5b@ebay.com,lwasylkiewicz5b@ebay.com,Bigender,France
Herman,Shasnan,hshasnan5c@geocities.com,hshasnan5c@geocities.com,Genderfluid,Eritrea
Viviana,Forryan,vforryan5d@booking.com,vforryan5d@booking.com,Bigender,Indonesia
William,Tewkesberry,wtewkesberry5e@theguardian.com,wtewkesberry5e@theguardian.com,Genderfluid,Japan
Chauncey,Jurges,cjurges5f@booking.com,cjurges5f@booking.com,Bigender,China
Frank,Ambridge,fambridge5g@fotki.com,fambridge5g@fotki.com,Genderqueer,Yemen
Gilda,Haulkham,ghaulkham5h@cornell.edu,ghaulkham5h@cornell.edu,Male,France
Rooney,Ridolfo,rridolfo5i@ovh.net,rridolfo5i@ovh.net,Genderqueer,China
Easter,O'Beirne,eobeirne5j@ihg.com,eobeirne5j@ihg.com,Genderfluid,Brazil
Caro,Allanson,callanson5k@dot.gov,callanson5k@dot.gov,Female,China
Reinhold,Larham,rlarham5l@state.tx.us,rlarham5l@state.tx.us,Agender,Sweden
Ewen,Rihosek,erihosek5m@timesonline.co.uk,erihosek5m@timesonline.co.uk,Non-binary,Ukraine
Arvie,Eliot,aeliot5n@dell.com,aeliot5n@dell.com,Female,Uruguay
Gretchen,Billes,gbilles5o@icio.us,gbilles5o@icio.us,Genderqueer,Indonesia
Rebekah,Yakovich,ryakovich5p@list-manage.com,ryakovich5p@list-manage.com,Male,Peru
Cecilius,Rhys,crhys5q@t.co,crhys5q@t.co,Polygender,Albania
Lorens,Wareing,lwareing5r@vkontakte.ru,lwareing5r@vkontakte.ru,Male,Madagascar
Stefania,Biesinger,sbiesinger5s@bing.com,sbiesinger5s@bing.com,Agender,Philippines
Liz,Kenneford,lkenneford5t@goo.gl,lkenneford5t@goo.gl,Agender,Philippines
Keven,Danniel,kdanniel5u@theatlantic.com,kdanniel5u@theatlantic.com,Agender,Sweden
Karim,Telega,ktelega5v@github.io,ktelega5v@github.io,Genderfluid,China
Constance,FitzGilbert,cfitzgilbert5w@reddit.com,cfitzgilbert5w@reddit.com,Male,Russia
Jayne,McNulty,jmcnulty5x@aboutads.info,jmcnulty5x@aboutads.info,Agender,Portugal
Johnnie,McCue,jmccue5y@bloomberg.com,jmccue5y@bloomberg.com,Non-binary,Guatemala
Klarrisa,Shorthill,kshorthill5z@zdnet.com,kshorthill5z@zdnet.com,Female,Costa Rica
Krisha,Rosencrantz,krosencrantz60@xrea.com,krosencrantz60@xrea.com,Bigender,Portugal
Nollie,Hould,nhould61@furl.net,nhould61@furl.net,Agender,Netherlands
Dido,Klosser,dklosser62@cargocollective.com,dklosser62@cargocollective.com,Female,Sweden
Gustie,Bedwell,gbedwell63@wordpress.com,gbedwell63@wordpress.com,Genderfluid,Indonesia
Marya,Slessar,mslessar64@globo.com,mslessar64@globo.com,Polygender,Syria
Sherye,Streets,sstreets65@techcrunch.com,sstreets65@techcrunch.com,Bigender,Sweden
Levon,Maestro,lmaestro66@phpbb.com,lmaestro66@phpbb.com,Male,Sweden
Deane,Khadir,dkhadir67@yellowbook.com,dkhadir67@yellowbook.com,Non-binary,Argentina
Dex,Hakonsen,dhakonsen68@jalbum.net,dhakonsen68@jalbum.net,Agender,Cuba
Ginnie,Okill,gokill69@usatoday.com,gokill69@usatoday.com,Genderqueer,Canada
Kimberlyn,Biscomb,kbiscomb6a@ft.com,kbiscomb6a@ft.com,Bigender,Indonesia
Odella,Legges,olegges6b@wired.com,olegges6b@wired.com,Genderfluid,China
Oran,Duncan,oduncan6c@google.cn,oduncan6c@google.cn,Genderfluid,Philippines
Jackie,Tanby,jtanby6d@ucoz.ru,jtanby6d@ucoz.ru,Non-binary,China
Katina,Roggieri,kroggieri6e@digg.com,kroggieri6e@digg.com,Polygender,Tunisia
Gallagher,Lymbourne,glymbourne6f@google.co.jp,glymbourne6f@google.co.jp,Bigender,Syria
Lexine,Robertz,lrobertz6g@digg.com,lrobertz6g@digg.com,Genderqueer,China
Grove,Jennins,gjennins6h@yahoo.com,gjennins6h@yahoo.com,Genderqueer,Zimbabwe
Rafaelita,Dechelette,rdechelette6i@rakuten.co.jp,rdechelette6i@rakuten.co.jp,Agender,Greece
Annissa,Atkin,aatkin6j@joomla.org,aatkin6j@joomla.org,Bigender,United States
Joyce,Pullin,jpullin6k@dedecms.com,jpullin6k@dedecms.com,Non-binary,Thailand
Miquela,Mattevi,mmattevi6l@va.gov,mmattevi6l@va.gov,Female,Indonesia
Hester,Augar,haugar6m@google.com.au,haugar6m@google.com.au,Bigender,Malaysia
Avril,Phidgin,aphidgin6n@vinaora.com,aphidgin6n@vinaora.com,Non-binary,Indonesia
Marielle,Scotchmor,mscotchmor6o@sun.com,mscotchmor6o@sun.com,Bigender,Brazil
Isobel,Avarne,iavarne6p@php.net,iavarne6p@php.net,Female,Brazil
Sheree,Kernes,skernes6q@uiuc.edu,skernes6q@uiuc.edu,Polygender,Sweden
Nessie,Ketchaside,nketchaside6r@fema.gov,nketchaside6r@fema.gov,Non-binary,Indonesia
Silvana,McCrone,smccrone6s@hostgator.com,smccrone6s@hostgator.com,Bigender,Brazil
Marlow,Chasteney,mchasteney6t@usgs.gov,mchasteney6t@usgs.gov,Bigender,Canada
Amie,Gentle,agentle6u@blogger.com,agentle6u@blogger.com,Polygender,Portugal
Emelda,Bernuzzi,ebernuzzi6v@mac.com,ebernuzzi6v@mac.com,Female,Afghanistan
Dorisa,Sowley,dsowley6w@ox.ac.uk,dsowley6w@ox.ac.uk,Female,Armenia
Nomi,Mertsching,nmertsching6x@constantcontact.com,nmertsching6x@constantcontact.com,Male,Sweden
Bernarr,O'Fihillie,bofihillie6y@adobe.com,bofihillie6y@adobe.com,Genderfluid,Portugal
Nichol,Goodbarr,ngoodbarr6z@sciencedaily.com,ngoodbarr6z@sciencedaily.com,Agender,Indonesia
Sephira,Matherson,smatherson70@soundcloud.com,smatherson70@soundcloud.com,Male,Poland
Pammie,Ruby,pruby71@istockphoto.com,pruby71@istockphoto.com,Male,Pakistan
Cristina,McKea,cmckea72@theglobeandmail.com,cmckea72@theglobeandmail.com,Agender,Brazil
Currie,Benedicte,cbenedicte73@t.co,cbenedicte73@t.co,Genderfluid,Philippines
Barnie,Denton,bdenton74@prnewswire.com,bdenton74@prnewswire.com,Polygender,Poland
Charlena,MacClure,cmacclure75@globo.com,cmacclure75@globo.com,Male,China
Bernhard,Kinnaird,bkinnaird76@salon.com,bkinnaird76@salon.com,Polygender,South Korea
Flinn,Loren,floren77@tumblr.com,floren77@tumblr.com,Female,Brunei
Glyn,Cliburn,gcliburn78@squarespace.com,gcliburn78@squarespace.com,Male,Canada
Charmain,Cardis,ccardis79@usda.gov,ccardis79@usda.gov,Non-binary,Thailand
Ignazio,Sillis,isillis7a@usa.gov,isillis7a@usa.gov,Genderfluid,Indonesia
Kinsley,Harroll,kharroll7b@fema.gov,kharroll7b@fema.gov,Genderqueer,Kazakhstan
Livia,Livesey,llivesey7c@pen.io,llivesey7c@pen.io,Female,Costa Rica
Gillan,McGettigan,gmcgettigan7d@digg.com,gmcgettigan7d@digg.com,Genderqueer,France
Ara,Wardlaw,awardlaw7e@lycos.com,awardlaw7e@lycos.com,Bigender,Philippines
Nanette,Maving,nmaving7f@independent.co.uk,nmaving7f@independent.co.uk,Genderqueer,Brazil
Amerigo,Brudenell,abrudenell7g@wikia.com,abrudenell7g@wikia.com,Polygender,Cambodia
Carrissa,Yacob,cyacob7h@hostgator.com,cyacob7h@hostgator.com,Non-binary,Uruguay
Melly,Bolens,mbolens7i@newyorker.com,mbolens7i@newyorker.com,Agender,Vietnam
Raleigh,Cornford,rcornford7j@amazon.co.jp,rcornford7j@amazon.co.jp,Agender,Indonesia
Hetti,Surmeyers,hsurmeyers7k@simplemachines.org,hsurmeyers7k@simplemachines.org,Non-binary,Czech Republic
Alastair,Lippini,alippini7l@vinaora.com,alippini7l@vinaora.com,Genderqueer,China
Corinne,Welford,cwelford7m@tmall.com,cwelford7m@tmall.com,Genderqueer,Brazil
Genni,Ekell,gekell7n@umn.edu,gekell7n@umn.edu,Genderqueer,China
Klara,Defraine,kdefraine7o@ameblo.jp,kdefraine7o@ameblo.jp,Polygender,Poland
Maury,Joynes,mjoynes7p@furl.net,mjoynes7p@furl.net,Polygender,Ireland
Nara,Snowman,nsnowman7q@go.com,nsnowman7q@go.com,Female,Canada
Mychal,Giuron,mgiuron7r@blogs.com,mgiuron7r@blogs.com,Male,Japan
Wallis,Pischof,wpischof7s@ocn.ne.jp,wpischof7s@ocn.ne.jp,Agender,Brazil
Elwin,Kirk,ekirk7t@unblog.fr,ekirk7t@unblog.fr,Polygender,Philippines
Gianina,Renison,grenison7u@businessweek.com,grenison7u@businessweek.com,Bigender,France
Kettie,O'Fearguise,kofearguise7v@domainmarket.com,kofearguise7v@domainmarket.com,Non-binary,China
Duffie,Renner,drenner7w@woothemes.com,drenner7w@woothemes.com,Male,Portugal
Kristopher,Alfwy,kalfwy7x@scribd.com,kalfwy7x@scribd.com,Polygender,Slovenia
Florrie,Abriani,fabriani7y@histats.com,fabriani7y@histats.com,Polygender,Canada
Aigneis,Broadwell,abroadwell7z@ihg.com,abroadwell7z@ihg.com,Female,Vietnam
Rodina,Sealove,rsealove80@cbslocal.com,rsealove80@cbslocal.com,Genderfluid,Indonesia
Zarah,Bassill,zbassill81@forbes.com,zbassill81@forbes.com,Genderfluid,Malaysia
Darrell,Mangin,dmangin82@freewebs.com,dmangin82@freewebs.com,Genderfluid,China
Aharon,Cortes,acortes83@artisteer.com,acortes83@artisteer.com,Genderqueer,Sweden
Roxy,Girhard,rgirhard84@ox.ac.uk,rgirhard84@ox.ac.uk,Male,Russia
Gizela,Rubbens,grubbens85@digg.com,grubbens85@digg.com,Bigender,China
Ollie,Willeman,owilleman86@fda.gov,owilleman86@fda.gov,Genderfluid,Japan
Rosmunda,Winterflood,rwinterflood87@prlog.org,rwinterflood87@prlog.org,Genderfluid,Russia
Dexter,Barth,dbarth88@mac.com,dbarth88@mac.com,Bigender,China
Hewet,Vasyutkin,hvasyutkin89@issuu.com,hvasyutkin89@issuu.com,Polygender,Indonesia
Tish,Jameson,tjameson8a@rakuten.co.jp,tjameson8a@rakuten.co.jp,Agender,Burundi
Fergus,Cattle,fcattle8b@ow.ly,fcattle8b@ow.ly,Bigender,Japan
Rita,Rustman,rrustman8c@howstuffworks.com,rrustman8c@howstuffworks.com,Female,Morocco
Ara,Penn,apenn8d@1688.com,apenn8d@1688.com,Genderqueer,Brazil
Brade,Kidner,bkidner8e@angelfire.com,bkidner8e@angelfire.com,Genderfluid,China
Shaylah,Ramsier,sramsier8f@google.ca,sramsier8f@google.ca,Male,Indonesia
Vance,Maplethorpe,vmaplethorpe8g@toplist.cz,vmaplethorpe8g@toplist.cz,Non-binary,Morocco
Elisabetta,Magill,emagill8h@storify.com,emagill8h@storify.com,Genderqueer,Indonesia
Beaufort,Pellissier,bpellissier8i@prweb.com,bpellissier8i@prweb.com,Genderfluid,Finland
Dalt,Fayne,dfayne8j@shinystat.com,dfayne8j@shinystat.com,Genderqueer,Yemen
Neile,Lissandre,nlissandre8k@seattletimes.com,nlissandre8k@seattletimes.com,Agender,Philippines
Port,Andreev,pandreev8l@flickr.com,pandreev8l@flickr.com,Bigender,Indonesia
Erinna,Gerrad,egerrad8m@icq.com,egerrad8m@icq.com,Male,Madagascar
Helyn,Pietruschka,hpietruschka8n@unc.edu,hpietruschka8n@unc.edu,Polygender,China
Minnaminnie,Pulley,mpulley8o@topsy.com,mpulley8o@topsy.com,Genderfluid,Indonesia
Loutitia,Hedden,lhedden8p@goo.gl,lhedden8p@goo.gl,Male,Uruguay
Sheela,Cornall,scornall8q@google.pl,scornall8q@google.pl,Female,Brazil
Odele,Camacho,ocamacho8r@myspace.com,ocamacho8r@myspace.com,Non-binary,Brazil
Lauren,Frenzl,lfrenzl8s@flavors.me,lfrenzl8s@flavors.me,Bigender,Sweden
Grange,Fisher,gfisher8t@drupal.org,gfisher8t@drupal.org,Non-binary,Afghanistan
Avril,Colmer,acolmer8u@t.co,acolmer8u@t.co,Agender,China
Marcus,Mewe,mmewe8v@answers.com,mmewe8v@answers.com,Female,Argentina
Alfie,Ollerearnshaw,aollerearnshaw8w@hugedomains.com,aollerearnshaw8w@hugedomains.com,Polygender,France
Pryce,Malam,pmalam8x@barnesandnoble.com,pmalam8x@barnesandnoble.com,Genderqueer,Indonesia
Anita,Madgin,amadgin8y@paginegialle.it,amadgin8y@paginegialle.it,Genderqueer,Sweden
Emyle,Bierman,ebierman8z@pagesperso-orange.fr,ebierman8z@pagesperso-orange.fr,Agender,Kenya
Cirillo,Torrijos,ctorrijos90@wordpress.com,ctorrijos90@wordpress.com,Agender,South Korea
Noni,Pittway,npittway91@typepad.com,npittway91@typepad.com,Polygender,Sweden
Enriqueta,Stanbridge,estanbridge92@tinyurl.com,estanbridge92@tinyurl.com,Bigender,Finland
Ettore,Pursglove,epursglove93@webeden.co.uk,epursglove93@webeden.co.uk,Male,France
Rhonda,Sandeman,rsandeman94@samsung.com,rsandeman94@samsung.com,Agender,Brazil
Missy,Ewebank,mewebank95@japanpost.jp,mewebank95@japanpost.jp,Polygender,Russia
Kleon,Mingus,kmingus96@wisc.edu,kmingus96@wisc.edu,Male,Morocco
Cindelyn,Lucchi,clucchi97@theguardian.com,clucchi97@theguardian.com,Non-binary,Latvia
Sophey,Arnow,sarnow98@xrea.com,sarnow98@xrea.com,Female,Argentina
Shae,Boughen,sboughen99@live.com,sboughen99@live.com,Genderqueer,Vietnam
Penrod,Scudders,pscudders9a@squarespace.com,pscudders9a@squarespace.com,Non-binary,Indonesia
Mae,Gwinnell,mgwinnell9b@cafepress.com,mgwinnell9b@cafepress.com,Polygender,China
Freida,Zorzi,fzorzi9c@bravesites.com,fzorzi9c@bravesites.com,Genderqueer,Thailand
Scot,Coltman,scoltman9d@state.tx.us,scoltman9d@state.tx.us,Female,China
Carolann,Mungham,cmungham9e@rambler.ru,cmungham9e@rambler.ru,Male,Colombia
Annadiane,Allward,aallward9f@exblog.jp,aallward9f@exblog.jp,Polygender,China
Darius,Methringham,dmethringham9g@census.gov,dmethringham9g@census.gov,Polygender,Brazil
Alvin,Croom,acroom9h@rakuten.co.jp,acroom9h@rakuten.co.jp,Agender,Indonesia
Barbra,Salvadori,bsalvadori9i@tripod.com,bsalvadori9i@tripod.com,Polygender,Malawi
Salaidh,Docharty,sdocharty9j@nationalgeographic.com,sdocharty9j@nationalgeographic.com,Agender,Indonesia
Stacia,Aldis,saldis9k@narod.ru,saldis9k@narod.ru,Polygender,Argentina
Reginauld,McBrearty,rmcbrearty9l@miitbeian.gov.cn,rmcbrearty9l@miitbeian.gov.cn,Bigender,Russia
Pepe,Riggert,priggert9m@surveymonkey.com,priggert9m@surveymonkey.com,Polygender,Indonesia
Beverlie,Cadwaladr,bcadwaladr9n@skyrock.com,bcadwaladr9n@skyrock.com,Non-binary,Nigeria
Jobina,Ebbage,jebbage9o@si.edu,jebbage9o@si.edu,Genderfluid,China
Sid,Meindl,smeindl9p@macromedia.com,smeindl9p@macromedia.com,Non-binary,Japan
Cassandra,Moores,cmoores9q@accuweather.com,cmoores9q@accuweather.com,Genderfluid,Portugal
Brad,Birchett,bbirchett9r@wunderground.com,bbirchett9r@wunderground.com,Female,Pakistan
Brock,Penwarden,bpenwarden9s@live.com,bpenwarden9s@live.com,Bigender,China
Felike,Swatheridge,fswatheridge9t@senate.gov,fswatheridge9t@senate.gov,Genderfluid,Azerbaijan
Martelle,Meneyer,mmeneyer9u@zdnet.com,mmeneyer9u@zdnet.com,Bigender,Indonesia
Verine,Pellington,vpellington9v@deviantart.com,vpellington9v@deviantart.com,Non-binary,Estonia
Jethro,Cartledge,jcartledge9w@huffingtonpost.com,jcartledge9w@huffingtonpost.com,Agender,Israel
Chelsie,MacDunlevy,cmacdunlevy9x@rambler.ru,cmacdunlevy9x@rambler.ru,Female,Slovenia
Hunt,Bourgour,hbourgour9y@vkontakte.ru,hbourgour9y@vkontakte.ru,Agender,New Zealand
Karlis,Serfati,kserfati9z@ustream.tv,kserfati9z@ustream.tv,Genderqueer,Nigeria
Link,Smorthwaite,lsmorthwaitea0@skyrock.com,lsmorthwaitea0@skyrock.com,Male,Philippines
Brigida,McChruiter,bmcchruitera1@geocities.jp,bmcchruitera1@geocities.jp,Agender,Russia
Andie,Turgoose,aturgoosea2@studiopress.com,aturgoosea2@studiopress.com,Bigender,United States
Cad,Farlowe,cfarlowea3@phoca.cz,cfarlowea3@phoca.cz,Genderfluid,China
Dick,Jowsey,djowseya4@networksolutions.com,djowseya4@networksolutions.com,Genderqueer,Bulgaria
Dee,Barkus,dbarkusa5@nytimes.com,dbarkusa5@nytimes.com,Female,Canada
Althea,Fradson,afradsona6@miibeian.gov.cn,afradsona6@miibeian.gov.cn,Female,New Zealand
Gwenneth,Eppson,geppsona7@netscape.com,geppsona7@netscape.com,Genderqueer,Finland
Milty,Deetlof,mdeetlofa8@xing.com,mdeetlofa8@xing.com,Bigender,Indonesia
Billye,Vanacci,bvanaccia9@eepurl.com,bvanaccia9@eepurl.com,Non-binary,Indonesia
Kristoffer,Blanket,kblanketaa@ihg.com,kblanketaa@ihg.com,Female,Indonesia
Tiphani,Bowle,tbowleab@bizjournals.com,tbowleab@bizjournals.com,Female,Russia
Ashlan,Denzilow,adenzilowac@ning.com,adenzilowac@ning.com,Genderqueer,Laos
Bendite,Hunnaball,bhunnaballad@yellowpages.com,bhunnaballad@yellowpages.com,Non-binary,China
Cassaundra,Casarili,ccasariliae@globo.com,ccasariliae@globo.com,Male,Honduras
Tilda,Delaney,tdelaneyaf@wikia.com,tdelaneyaf@wikia.com,Agender,China
Fransisco,Trahearn,ftrahearnag@rakuten.co.jp,ftrahearnag@rakuten.co.jp,Non-binary,Japan
Fawne,Reeves,freevesah@vinaora.com,freevesah@vinaora.com,Non-binary,Portugal
Leonid,MacPharlain,lmacpharlainai@ebay.com,lmacpharlainai@ebay.com,Female,Estonia
Jeth,Donohue,jdonohueaj@webmd.com,jdonohueaj@webmd.com,Genderfluid,China
Huntley,O'Cahill,hocahillak@webmd.com,hocahillak@webmd.com,Agender,Poland
Minni,Rogier,mrogieral@elpais.com,mrogieral@elpais.com,Genderfluid,Philippines
Goraud,Terzza,gterzzaam@sciencedirect.com,gterzzaam@sciencedirect.com,Non-binary,Portugal
Mordecai,Jacquemy,mjacquemyan@webnode.com,mjacquemyan@webnode.com,Genderqueer,Greece
Binnie,D'Antoni,bdantoniao@posterous.com,bdantoniao@posterous.com,Male,Philippines
Ivie,Ferrettini,iferrettiniap@furl.net,iferrettiniap@furl.net,Polygender,Yemen
Alberik,Clewley,aclewleyaq@google.com.hk,aclewleyaq@google.com.hk,Agender,Tajikistan
Reine,Gordon,rgordonar@artisteer.com,rgordonar@artisteer.com,Genderqueer,China
Cecelia,Clapison,cclapisonas@cbc.ca,cclapisonas@cbc.ca,Non-binary,Colombia
Miguel,Baitman,mbaitmanat@comsenz.com,mbaitmanat@comsenz.com,Non-binary,Indonesia
Richard,Nendick,rnendickau@miitbeian.gov.cn,rnendickau@miitbeian.gov.cn,Genderfluid,Sweden
Fonsie,Gruszecki,fgruszeckiav@ameblo.jp,fgruszeckiav@ameblo.jp,Polygender,Dominican Republic
Benetta,Baroch,bbarochaw@weebly.com,bbarochaw@weebly.com,Agender,China
Glynda,Swindle,gswindleax@reuters.com,gswindleax@reuters.com,Polygender,Indonesia
Alleyn,Balsdon,abalsdonay@indiatimes.com,abalsdonay@indiatimes.com,Bigender,Argentina
Wade,Mallon,wmallonaz@oracle.com,wmallonaz@oracle.com,Genderfluid,France
Rakel,Davys,rdavysb0@google.com.au,rdavysb0@google.com.au,Bigender,South Africa
Irwinn,Macbeth,imacbethb1@foxnews.com,imacbethb1@foxnews.com,Agender,France
Conchita,Meikle,cmeikleb2@uol.com.br,cmeikleb2@uol.com.br,Female,China
Sigmund,Vokins,svokinsb3@chronoengine.com,svokinsb3@chronoengine.com,Genderfluid,China
Susannah,Fayne,sfayneb4@latimes.com,sfayneb4@latimes.com,Non-binary,Canada
Parke,Chippindale,pchippindaleb5@blogger.com,pchippindaleb5@blogger.com,Genderqueer,France
Demetre,Sallinger,dsallingerb6@mediafire.com,dsallingerb6@mediafire.com,Genderfluid,Philippines
Berk,Flowitt,bflowittb7@elegantthemes.com,bflowittb7@elegantthemes.com,Bigender,Sweden
Sisile,Ceresa,sceresab8@icio.us,sceresab8@icio.us,Agender,Greece
Shepherd,Chipping,schippingb9@archive.org,schippingb9@archive.org,Female,Indonesia
Frederigo,Mawson,fmawsonba@oracle.com,fmawsonba@oracle.com,Bigender,United States
Sandi,Sharpless,ssharplessbb@boston.com,ssharplessbb@boston.com,Polygender,China
Bab,Pardy,bpardybc@reddit.com,bpardybc@reddit.com,Polygender,Philippines
Melesa,Blastock,mblastockbd@creativecommons.org,mblastockbd@creativecommons.org,Male,Philippines
Elna,Setch,esetchbe@scientificamerican.com,esetchbe@scientificamerican.com,Male,New Zealand
Sean,Rhys,srhysbf@deviantart.com,srhysbf@deviantart.com,Genderqueer,Spain
Cecil,Basterfield,cbasterfieldbg@taobao.com,cbasterfieldbg@taobao.com,Bigender,Philippines
Lauri,Pitkethly,lpitkethlybh@tumblr.com,lpitkethlybh@tumblr.com,Genderqueer,Portugal
Worthington,Husby,whusbybi@liveinternet.ru,whusbybi@liveinternet.ru,Agender,Canada
Reynold,Shakespear,rshakespearbj@wikimedia.org,rshakespearbj@wikimedia.org,Agender,Japan
Isidoro,Hatcliffe,ihatcliffebk@mac.com,ihatcliffebk@mac.com,Non-binary,Poland
Jess,Renn,jrennbl@blogs.com,jrennbl@blogs.com,Polygender,China
Carie,Cassam,ccassambm@vinaora.com,ccassambm@vinaora.com,Genderqueer,Costa Rica
Mikol,Scarse,mscarsebn@wunderground.com,mscarsebn@wunderground.com,Male,Philippines
Wally,Linklater,wlinklaterbo@reference.com,wlinklaterbo@reference.com,Non-binary,Guatemala
Staford,Sibborn,ssibbornbp@ezinearticles.com,ssibbornbp@ezinearticles.com,Agender,Portugal
Nataniel,Gillyatt,ngillyattbq@ftc.gov,ngillyattbq@ftc.gov,Bigender,Democratic Republic of the Congo
Jehanna,Carr,jcarrbr@51.la,jcarrbr@51.la,Genderfluid,China
Brnaby,Coping,bcopingbs@cdbaby.com,bcopingbs@cdbaby.com,Genderqueer,Ukraine
Nollie,Simone,nsimonebt@altervista.org,nsimonebt@altervista.org,Agender,Czech Republic
Jameson,Barnwall,jbarnwallbu@imageshack.us,jbarnwallbu@imageshack.us,Genderqueer,Poland
Nap,Ketcher,nketcherbv@yale.edu,nketcherbv@yale.edu,Agender,Tuvalu
Janella,Holgan,jholganbw@wiley.com,jholganbw@wiley.com,Genderqueer,Cape Verde
Kristyn,Densey,kdenseybx@clickbank.net,kdenseybx@clickbank.net,Non-binary,Indonesia
Anallise,Toomey,atoomeyby@liveinternet.ru,atoomeyby@liveinternet.ru,Bigender,Argentina
Merlina,Myderscough,mmyderscoughbz@netvibes.com,mmyderscoughbz@netvibes.com,Male,China
Chris,Schneider,cschneiderc0@hatena.ne.jp,cschneiderc0@hatena.ne.jp,Genderqueer,China
Sonja,Imms,simmsc1@diigo.com,simmsc1@diigo.com,Non-binary,Nigeria
Lilllie,Eddow,leddowc2@comcast.net,leddowc2@comcast.net,Bigender,Indonesia
Arnuad,Tuxell,atuxellc3@zimbio.com,atuxellc3@zimbio.com,Male,Kyrgyzstan
Benedikt,Fewell,bfewellc4@sakura.ne.jp,bfewellc4@sakura.ne.jp,Female,Philippines
Marybelle,Malster,mmalsterc5@usda.gov,mmalsterc5@usda.gov,Bigender,China
Gaylor,Blackler,gblacklerc6@ox.ac.uk,gblacklerc6@ox.ac.uk,Agender,Canada
Evelin,Caldaro,ecaldaroc7@e-recht24.de,ecaldaroc7@e-recht24.de,Non-binary,Guatemala
Tracy,Garrals,tgarralsc8@jigsy.com,tgarralsc8@jigsy.com,Male,Portugal
Selle,MacLeese,smacleesec9@cpanel.net,smacleesec9@cpanel.net,Genderfluid,China
Fitzgerald,Guidoni,fguidonica@auda.org.au,fguidonica@auda.org.au,Male,Sweden
Morgun,Wyett,mwyettcb@privacy.gov.au,mwyettcb@privacy.gov.au,Non-binary,Portugal
Elias,Pulbrook,epulbrookcc@exblog.jp,epulbrookcc@exblog.jp,Male,Sweden
Thea,MacArd,tmacardcd@disqus.com,tmacardcd@disqus.com,Female,Peru
Halsey,Ciccottini,hciccottinice@state.tx.us,hciccottinice@state.tx.us,Male,China
Belva,Hodgon,bhodgoncf@vinaora.com,bhodgoncf@vinaora.com,Genderfluid,Philippines
Sidonnie,Naire,snairecg@dot.gov,snairecg@dot.gov,Male,Portugal
Norby,Breton,nbretonch@imdb.com,nbretonch@imdb.com,Non-binary,Indonesia
Justus,Howford,jhowfordci@photobucket.com,jhowfordci@photobucket.com,Genderfluid,Bosnia and Herzegovina
Ashleigh,Sidery,asiderycj@freewebs.com,asiderycj@freewebs.com,Female,Indonesia
Dennie,Cushion,dcushionck@howstuffworks.com,dcushionck@howstuffworks.com,Male,Poland
Jason,Girardetti,jgirardetticl@freewebs.com,jgirardetticl@freewebs.com,Bigender,Philippines
Glynda,Tester,gtestercm@merriam-webster.com,gtestercm@merriam-webster.com,Polygender,Greece
Corry,Rehor,crehorcn@forbes.com,crehorcn@forbes.com,Agender,China
Pennie,Pauncefoot,ppauncefootco@arstechnica.com,ppauncefootco@arstechnica.com,Polygender,Sweden
Lizzie,Settle,lsettlecp@is.gd,lsettlecp@is.gd,Genderqueer,China
Jessica,Mulles,jmullescq@ezinearticles.com,jmullescq@ezinearticles.com,Polygender,Nigeria
Der,Gouinlock,dgouinlockcr@redcross.org,dgouinlockcr@redcross.org,Genderfluid,Suriname
Brent,Purvess,bpurvesscs@blog.com,bpurvesscs@blog.com,Genderqueer,Indonesia
Stearn,Taffarello,staffarelloct@blogger.com,staffarelloct@blogger.com,Female,China
Karin,Glanton,kglantoncu@home.pl,kglantoncu@home.pl,Polygender,Mali
Duncan,Sigart,dsigartcv@twitter.com,dsigartcv@twitter.com,Female,Jamaica
Claudianus,Streeten,cstreetencw@github.io,cstreetencw@github.io,Bigender,Palau
Garald,Castletine,gcastletinecx@wikispaces.com,gcastletinecx@wikispaces.com,Agender,Bolivia
Ebonee,Allbrook,eallbrookcy@domainmarket.com,eallbrookcy@domainmarket.com,Polygender,China
Ryon,Swetmore,rswetmorecz@fda.gov,rswetmorecz@fda.gov,Male,South Korea
Nikolaus,Rijkeseis,nrijkeseisd0@prweb.com,nrijkeseisd0@prweb.com,Non-binary,Ukraine
Dulcinea,Banes,dbanesd1@indiatimes.com,dbanesd1@indiatimes.com,Agender,Vietnam
Riki,Northill,rnorthilld2@japanpost.jp,rnorthilld2@japanpost.jp,Female,Japan
Godard,Tomczak,gtomczakd3@mediafire.com,gtomczakd3@mediafire.com,Polygender,United Kingdom
Rafaelia,Bauser,rbauserd4@ucla.edu,rbauserd4@ucla.edu,Polygender,Peru
Viviene,McLagan,vmclagand5@ihg.com,vmclagand5@ihg.com,Female,China
Oswald,Stonhewer,ostonhewerd6@ow.ly,ostonhewerd6@ow.ly,Female,Czech Republic
Annamarie,Skittles,askittlesd7@nsw.gov.au,askittlesd7@nsw.gov.au,Genderfluid,Sweden
Herbie,Woodham,hwoodhamd8@liveinternet.ru,hwoodhamd8@liveinternet.ru,Non-binary,Ukraine
Jazmin,Leadbeatter,jleadbeatterd9@google.ca,jleadbeatterd9@google.ca,Female,China
Jonie,Bergeon,jbergeonda@sitemeter.com,jbergeonda@sitemeter.com,Genderfluid,Saint Lucia
Letizia,Tranckle,ltranckledb@arstechnica.com,ltranckledb@arstechnica.com,Bigender,Czech Republic
Mel,McLay,mmclaydc@webeden.co.uk,mmclaydc@webeden.co.uk,Genderqueer,China
Carmine,Morales,cmoralesdd@cbslocal.com,cmoralesdd@cbslocal.com,Non-binary,Indonesia
Inga,Hugill,ihugillde@bbb.org,ihugillde@bbb.org,Genderqueer,Ukraine
Editha,Ludovici,eludovicidf@php.net,eludovicidf@php.net,Polygender,China
Cleo,Culbard,cculbarddg@telegraph.co.uk,cculbarddg@telegraph.co.uk,Genderqueer,China
Ranique,Tosdevin,rtosdevindh@github.io,rtosdevindh@github.io,Non-binary,China
Kesley,Cromleholme,kcromleholmedi@google.co.uk,kcromleholmedi@google.co.uk,Male,Albania
Anne,Vallow,avallowdj@last.fm,avallowdj@last.fm,Polygender,China
Noni,Jewiss,njewissdk@studiopress.com,njewissdk@studiopress.com,Male,China
Brockie,Rickson,bricksondl@wunderground.com,bricksondl@wunderground.com,Genderqueer,Canada
Harland,Di Francesco,hdifrancescodm@ning.com,hdifrancescodm@ning.com,Bigender,China
Lucinda,Middleton,lmiddletondn@blogspot.com,lmiddletondn@blogspot.com,Female,Panama
Evvie,Dennehy,edennehydo@cnn.com,edennehydo@cnn.com,Female,Indonesia
Phebe,Sommersett,psommersettdp@arizona.edu,psommersettdp@arizona.edu,Genderfluid,Philippines
Keeley,Brownsell,kbrownselldq@pinterest.com,kbrownselldq@pinterest.com,Non-binary,Brazil
Inge,Seczyk,iseczykdr@mashable.com,iseczykdr@mashable.com,Non-binary,Argentina
Tallie,Bravery,tbraveryds@usatoday.com,tbraveryds@usatoday.com,Bigender,France
Ronald,Chichgar,rchichgardt@amazon.co.uk,rchichgardt@amazon.co.uk,Polygender,Sweden
Sebastien,Lesek,slesekdu@google.co.uk,slesekdu@google.co.uk,Genderfluid,Canada
Mervin,Trematick,mtrematickdv@adobe.com,mtrematickdv@adobe.com,Genderfluid,Philippines
Wally,Dillaway,wdillawaydw@umn.edu,wdillawaydw@umn.edu,Genderfluid,China
Lula,Crampin,lcrampindx@ocn.ne.jp,lcrampindx@ocn.ne.jp,Genderqueer,Norway
Annmarie,Halesworth,ahalesworthdy@businesswire.com,ahalesworthdy@businesswire.com,Bigender,Mexico
Nelli,Colicot,ncolicotdz@smh.com.au,ncolicotdz@smh.com.au,Genderqueer,Vietnam
Berry,Blackham,bblackhame0@facebook.com,bblackhame0@facebook.com,Polygender,Canada
Kathie,Deesly,kdeeslye1@usgs.gov,kdeeslye1@usgs.gov,Male,Poland
Keven,Willishire,kwillishiree2@istockphoto.com,kwillishiree2@istockphoto.com,Non-binary,Indonesia
Alvinia,Matyasik,amatyasike3@army.mil,amatyasike3@army.mil,Genderfluid,China
Liva,Simenon,lsimenone4@paypal.com,lsimenone4@paypal.com,Female,Indonesia
Adriano,Dessent,adessente5@unc.edu,adessente5@unc.edu,Polygender,Norway
Hendrick,Woolnough,hwoolnoughe6@npr.org,hwoolnoughe6@npr.org,Polygender,Serbia
Tabina,Harses,tharsese7@google.ca,tharsese7@google.ca,Genderqueer,Paraguay
Raf,Boddymead,rboddymeade8@furl.net,rboddymeade8@furl.net,Genderqueer,Philippines
Zorine,Arnauduc,zarnauduce9@indiatimes.com,zarnauduce9@indiatimes.com,Bigender,China
Morissa,Mawne,mmawneea@cocolog-nifty.com,mmawneea@cocolog-nifty.com,Agender,South Sudan
Giorgia,Losel,gloseleb@sogou.com,gloseleb@sogou.com,Non-binary,Afghanistan
Edwin,Cool,ecoolec@cyberchimps.com,ecoolec@cyberchimps.com,Male,France
Nils,Flay,nflayed@vk.com,nflayed@vk.com,Agender,Thailand
Jamie,Fedoronko,jfedoronkoee@privacy.gov.au,jfedoronkoee@privacy.gov.au,Female,France
Veriee,De Normanville,vdenormanvilleef@kickstarter.com,vdenormanvilleef@kickstarter.com,Male,Ethiopia
Trixie,Terlinden,tterlindeneg@google.nl,tterlindeneg@google.nl,Bigender,Philippines
Verne,Hune,vhuneeh@wufoo.com,vhuneeh@wufoo.com,Female,Mongolia
Regan,Richardeau,rrichardeauei@booking.com,rrichardeauei@booking.com,Bigender,Russia
Bathsheba,Gerren,bgerrenej@quantcast.com,bgerrenej@quantcast.com,Female,China
Jorgan,Swyndley,jswyndleyek@huffingtonpost.com,jswyndleyek@huffingtonpost.com,Genderfluid,Senegal
Dallis,Temby,dtembyel@topsy.com,dtembyel@topsy.com,Female,China
Neale,Jerromes,njerromesem@springer.com,njerromesem@springer.com,Polygender,Indonesia
Fae,Breton,fbretonen@wisc.edu,fbretonen@wisc.edu,Agender,Peru
Ashleigh,Lippett,alippetteo@tamu.edu,alippetteo@tamu.edu,Bigender,Philippines
Becka,Tippin,btippinep@gnu.org,btippinep@gnu.org,Agender,Kazakhstan
Mary,Peaker,mpeakereq@yale.edu,mpeakereq@yale.edu,Genderfluid,Bolivia
Vannie,Donne,vdonneer@bbc.co.uk,vdonneer@bbc.co.uk,Female,Indonesia
Benedetto,Van Der Weedenburg,bvanderweedenburges@naver.com,bvanderweedenburges@naver.com,Non-binary,Ecuador
Barry,Wailes,bwaileset@google.pl,bwaileset@google.pl,Non-binary,Bonaire, Saint Eustatius and Saba 
Elise,Cordeau],ecordeaueu@infoseek.co.jp,ecordeaueu@infoseek.co.jp,Non-binary,Indonesia
Leone,Wakeling,lwakelingev@scribd.com,lwakelingev@scribd.com,Polygender,Ethiopia
Gayleen,Popley,gpopleyew@netlog.com,gpopleyew@netlog.com,Genderfluid,Poland
Teena,Morrallee,tmorralleeex@senate.gov,tmorralleeex@senate.gov,Female,Morocco
Aloin,Sybe,asybeey@time.com,asybeey@time.com,Non-binary,Argentina
Benoit,Pollok,bpollokez@ning.com,bpollokez@ning.com,Genderfluid,China
Cassandre,Waylett,cwaylettf0@indiegogo.com,cwaylettf0@indiegogo.com,Bigender,Micronesia
Daile,Ghelerdini,dghelerdinif1@businessweek.com,dghelerdinif1@businessweek.com,Genderqueer,China
Moritz,Slaughter,mslaughterf2@admin.ch,mslaughterf2@admin.ch,Female,China
Elwyn,Aickin,eaickinf3@bbc.co.uk,eaickinf3@bbc.co.uk,Non-binary,Colombia
Emmi,Jennery,ejenneryf4@dion.ne.jp,ejenneryf4@dion.ne.jp,Genderfluid,Indonesia
Sidney,Melesk,smeleskf5@cnbc.com,smeleskf5@cnbc.com,Female,Philippines
Marget,Reimer,mreimerf6@mediafire.com,mreimerf6@mediafire.com,Non-binary,Russia
Gretal,Fosken,gfoskenf7@amazonaws.com,gfoskenf7@amazonaws.com,Genderfluid,Philippines
Ginnifer,Spratley,gspratleyf8@auda.org.au,gspratleyf8@auda.org.au,Male,Peru
Eachelle,Mouser,emouserf9@mozilla.org,emouserf9@mozilla.org,Male,United States
Milo,Frantzen,mfrantzenfa@etsy.com,mfrantzenfa@etsy.com,Bigender,Indonesia
Yorgos,Wedderburn,ywedderburnfb@live.com,ywedderburnfb@live.com,Genderqueer,Canada
Amos,Ventham,aventhamfc@360.cn,aventhamfc@360.cn,Agender,Indonesia
Krystle,Gaskall,kgaskallfd@samsung.com,kgaskallfd@samsung.com,Agender,Philippines
Bill,Garter,bgarterfe@hugedomains.com,bgarterfe@hugedomains.com,Bigender,France
Serena,How,showff@google.ca,showff@google.ca,Polygender,China
Wilton,Denizet,wdenizetfg@marketwatch.com,wdenizetfg@marketwatch.com,Polygender,Indonesia
Ario,Sterricks,asterricksfh@gizmodo.com,asterricksfh@gizmodo.com,Genderfluid,France
Kathye,Hebbes,khebbesfi@hatena.ne.jp,khebbesfi@hatena.ne.jp,Genderfluid,Mexico
Tobit,Sherlaw,tsherlawfj@sakura.ne.jp,tsherlawfj@sakura.ne.jp,Female,Colombia
Udell,Ilden,uildenfk@de.vu,uildenfk@de.vu,Bigender,Dominican Republic
Newton,Philp,nphilpfl@state.gov,nphilpfl@state.gov,Female,Kazakhstan
Ophelie,Dibdin,odibdinfm@about.me,odibdinfm@about.me,Male,China
Findley,Perelli,fperellifn@com.com,fperellifn@com.com,Genderfluid,Russia
Laura,Sturt,lsturtfo@scribd.com,lsturtfo@scribd.com,Bigender,China
Berky,Gerbel,bgerbelfp@reference.com,bgerbelfp@reference.com,Agender,Poland
Brandice,Treadgear,btreadgearfq@fastcompany.com,btreadgearfq@fastcompany.com,Polygender,Luxembourg
Jo-anne,Menelaws,jmenelawsfr@senate.gov,jmenelawsfr@senate.gov,Polygender,Russia
Inez,Dabling,idablingfs@washington.edu,idablingfs@washington.edu,Bigender,Iran
Ebenezer,McKelvey,emckelveyft@statcounter.com,emckelveyft@statcounter.com,Female,Argentina
Gerardo,Chard,gchardfu@dot.gov,gchardfu@dot.gov,Male,Argentina
Carmon,Spong,cspongfv@163.com,cspongfv@163.com,Male,Canada
Seline,Aingel,saingelfw@amazon.co.jp,saingelfw@amazon.co.jp,Female,Costa Rica
Marice,Upham,muphamfx@illinois.edu,muphamfx@illinois.edu,Agender,Greece
Jamesy,Bradburn,jbradburnfy@seattletimes.com,jbradburnfy@seattletimes.com,Non-binary,Indonesia
Alan,Ream,areamfz@php.net,areamfz@php.net,Non-binary,Peru
Sally,Borzoni,sborzonig0@discovery.com,sborzonig0@discovery.com,Bigender,United States
Quinton,Shegog,qshegogg1@google.fr,qshegogg1@google.fr,Male,China
Sherwood,Le Page,slepageg2@edublogs.org,slepageg2@edublogs.org,Genderfluid,Sweden
Nappie,Dugdale,ndugdaleg3@economist.com,ndugdaleg3@economist.com,Bigender,China
Monika,Lackey,mlackeyg4@nasa.gov,mlackeyg4@nasa.gov,Bigender,Haiti
Mallory,Slixby,mslixbyg5@harvard.edu,mslixbyg5@harvard.edu,Male,Malaysia
Aloysia,Frayn,afrayng6@europa.eu,afrayng6@europa.eu,Genderfluid,Brazil
Melissa,Cargen,mcargeng7@cbslocal.com,mcargeng7@cbslocal.com,Agender,France
Hestia,Kennerley,hkennerleyg8@csmonitor.com,hkennerleyg8@csmonitor.com,Bigender,Czech Republic
Honoria,McAllister,hmcallisterg9@huffingtonpost.com,hmcallisterg9@huffingtonpost.com,Genderfluid,Japan
Dario,Beushaw,dbeushawga@dagondesign.com,dbeushawga@dagondesign.com,Genderqueer,Thailand
Christoph,Speek,cspeekgb@newsvine.com,cspeekgb@newsvine.com,Female,Nigeria
Lana,Hazeldean,lhazeldeangc@vistaprint.com,lhazeldeangc@vistaprint.com,Polygender,Mexico
Dareen,Worsham,dworshamgd@webeden.co.uk,dworshamgd@webeden.co.uk,Bigender,Brazil
Hertha,Sowman,hsowmange@bloglines.com,hsowmange@bloglines.com,Genderqueer,China
Chester,Attwood,cattwoodgf@examiner.com,cattwoodgf@examiner.com,Male,France
Daune,Dannohl,ddannohlgg@tripod.com,ddannohlgg@tripod.com,Genderqueer,Guatemala
Edd,Thurlow,ethurlowgh@marriott.com,ethurlowgh@marriott.com,Female,China
Seth,McDermott,smcdermottgi@webs.com,smcdermottgi@webs.com,Female,Brazil
Hillary,Frentz,hfrentzgj@devhub.com,hfrentzgj@devhub.com,Genderfluid,Thailand
Davita,Lockart,dlockartgk@amazon.com,dlockartgk@amazon.com,Genderfluid,Eritrea
Hastings,Dybald,hdybaldgl@ifeng.com,hdybaldgl@ifeng.com,Genderfluid,Brazil
Stephan,Lucien,sluciengm@ucoz.com,sluciengm@ucoz.com,Genderqueer,Thailand
Ann-marie,Yarnell,ayarnellgn@is.gd,ayarnellgn@is.gd,Non-binary,Indonesia
Brennen,Sells,bsellsgo@chicagotribune.com,bsellsgo@chicagotribune.com,Polygender,Ethiopia
Gustie,Napoleone,gnapoleonegp@1und1.de,gnapoleonegp@1und1.de,Agender,Togo
Nicolea,Jammet,njammetgq@msu.edu,njammetgq@msu.edu,Agender,China
Donall,Adolfson,dadolfsongr@ebay.com,dadolfsongr@ebay.com,Genderqueer,Belarus
Biddy,Golda,bgoldags@economist.com,bgoldags@economist.com,Female,Russia
Norman,Scotney,nscotneygt@squarespace.com,nscotneygt@squarespace.com,Agender,Indonesia
Christoffer,D'Cruze,cdcruzegu@vistaprint.com,cdcruzegu@vistaprint.com,Non-binary,Poland
Nikolaos,Rowan,nrowangv@taobao.com,nrowangv@taobao.com,Polygender,Ukraine
Anitra,Kneath,akneathgw@tumblr.com,akneathgw@tumblr.com,Genderfluid,Indonesia
Barbara-anne,Geleman,bgelemangx@nationalgeographic.com,bgelemangx@nationalgeographic.com,Polygender,Argentina
Standford,Mannooch,smannoochgy@examiner.com,smannoochgy@examiner.com,Non-binary,Indonesia
Melisenda,Coke,mcokegz@friendfeed.com,mcokegz@friendfeed.com,Non-binary,Ukraine
Aundrea,Astill,aastillh0@google.es,aastillh0@google.es,Bigender,Brunei
Emelita,Hinkens,ehinkensh1@histats.com,ehinkensh1@histats.com,Polygender,Sweden
Sacha,Celier,scelierh2@123-reg.co.uk,scelierh2@123-reg.co.uk,Polygender,Portugal
Carolus,Audenis,caudenish3@bing.com,caudenish3@bing.com,Bigender,Malaysia
Rupert,Lourenco,rlourencoh4@java.com,rlourencoh4@java.com,Female,Argentina
Cobbie,Bedlington,cbedlingtonh5@cmu.edu,cbedlingtonh5@cmu.edu,Genderqueer,Vietnam
Gustave,Colbourne,gcolbourneh6@economist.com,gcolbourneh6@economist.com,Polygender,Palestinian Territory
Korney,Elflain,kelflainh7@bloglovin.com,kelflainh7@bloglovin.com,Bigender,Sweden
Daren,Massen,dmassenh8@whitehouse.gov,dmassenh8@whitehouse.gov,Agender,United Kingdom
Ives,Krahl,ikrahlh9@nytimes.com,ikrahlh9@nytimes.com,Female,China
Buffy,Pring,bpringha@mysql.com,bpringha@mysql.com,Genderfluid,Thailand
Tull,Tammadge,ttammadgehb@multiply.com,ttammadgehb@multiply.com,Bigender,South Africa
Sigismond,Plumb,splumbhc@example.com,splumbhc@example.com,Genderfluid,Philippines
Lennard,Rosendahl,lrosendahlhd@google.com,lrosendahlhd@google.com,Genderfluid,Russia
Steffen,Arlet,sarlethe@un.org,sarlethe@un.org,Bigender,Mexico
Richmound,Jaquet,rjaquethf@example.com,rjaquethf@example.com,Genderqueer,China
Charmine,Gilstoun,cgilstounhg@amazon.co.jp,cgilstounhg@amazon.co.jp,Agender,China
Bridgette,Lyon,blyonhh@so-net.ne.jp,blyonhh@so-net.ne.jp,Female,China
Audry,Pinyon,apinyonhi@seattletimes.com,apinyonhi@seattletimes.com,Female,Russia
Teddie,Huleatt,thuleatthj@mayoclinic.com,thuleatthj@mayoclinic.com,Bigender,Czech Republic
Aloise,Vanyatin,avanyatinhk@shinystat.com,avanyatinhk@shinystat.com,Bigender,Gambia
Winifield,Staning,wstaninghl@meetup.com,wstaninghl@meetup.com,Non-binary,Russia
Caprice,Isacsson,cisacssonhm@blogs.com,cisacssonhm@blogs.com,Non-binary,Indonesia
Bette-ann,Castagno,bcastagnohn@theguardian.com,bcastagnohn@theguardian.com,Male,France
Tatiana,Aguilar,taguilarho@sina.com.cn,taguilarho@sina.com.cn,Polygender,South Korea
Alistair,Pilsbury,apilsburyhp@sciencedirect.com,apilsburyhp@sciencedirect.com,Female,Portugal
Drucie,Kleinber,dkleinberhq@eepurl.com,dkleinberhq@eepurl.com,Female,Japan
Ingelbert,Matson,imatsonhr@a8.net,imatsonhr@a8.net,Polygender,Japan
Hubie,Ivannikov,hivannikovhs@csmonitor.com,hivannikovhs@csmonitor.com,Bigender,Indonesia
Bertha,Coots,bcootsht@goo.gl,bcootsht@goo.gl,Non-binary,China
Anetta,Vassman,avassmanhu@dell.com,avassmanhu@dell.com,Genderqueer,Czech Republic
Antonetta,Fookes,afookeshv@yale.edu,afookeshv@yale.edu,Female,Armenia
Bridgette,Condell,bcondellhw@github.com,bcondellhw@github.com,Genderfluid,Indonesia
Hildy,Chell,hchellhx@macromedia.com,hchellhx@macromedia.com,Genderqueer,Portugal
Tobiah,Learmonth,tlearmonthhy@mac.com,tlearmonthhy@mac.com,Male,Philippines
Walther,Breacher,wbreacherhz@biblegateway.com,wbreacherhz@biblegateway.com,Agender,Russia
Jonis,Ipsgrave,jipsgravei0@devhub.com,jipsgravei0@devhub.com,Genderfluid,Indonesia
Sunny,Mensler,smensleri1@hud.gov,smensleri1@hud.gov,Polygender,China
Iseabal,Calbreath,icalbreathi2@ucoz.com,icalbreathi2@ucoz.com,Genderqueer,Indonesia
Jaimie,Itzkowicz,jitzkowiczi3@google.es,jitzkowiczi3@google.es,Agender,China
Emmery,Camblin,ecamblini4@imgur.com,ecamblini4@imgur.com,Bigender,Morocco
Craggy,Chapman,cchapmani5@eepurl.com,cchapmani5@eepurl.com,Bigender,Poland
Charlotta,Philcock,cphilcocki6@chronoengine.com,cphilcocki6@chronoengine.com,Female,Indonesia
Gerri,McKintosh,gmckintoshi7@nba.com,gmckintoshi7@nba.com,Bigender,Indonesia
Kelsey,Kinglesyd,kkinglesydi8@addtoany.com,kkinglesydi8@addtoany.com,Non-binary,Jamaica
Penni,Orgee,porgeei9@techcrunch.com,porgeei9@techcrunch.com,Genderqueer,Portugal
Anna-diane,Rook,arookia@devhub.com,arookia@devhub.com,Genderfluid,Philippines
Douglas,Titmus,dtitmusib@twitpic.com,dtitmusib@twitpic.com,Female,Uganda
Thane,Hache,thacheic@bigcartel.com,thacheic@bigcartel.com,Male,Indonesia
Sherlock,Lipprose,slipproseid@gnu.org,slipproseid@gnu.org,Polygender,Russia
Lita,Forrest,lforrestie@umich.edu,lforrestie@umich.edu,Bigender,Russia
Barbabas,Halladey,bhalladeyif@hexun.com,bhalladeyif@hexun.com,Female,Indonesia
Laurena,Fountain,lfountainig@uiuc.edu,lfountainig@uiuc.edu,Male,Indonesia
Bekki,Garaghan,bgaraghanih@123-reg.co.uk,bgaraghanih@123-reg.co.uk,Female,China
Shirl,Guy,sguyii@hatena.ne.jp,sguyii@hatena.ne.jp,Bigender,Portugal
Sax,Turnell,sturnellij@craigslist.org,sturnellij@craigslist.org,Female,China
Lois,Fairhead,lfairheadik@cloudflare.com,lfairheadik@cloudflare.com,Non-binary,Portugal
Dom,Cristol,dcristolil@yellowpages.com,dcristolil@yellowpages.com,Male,Yemen
Grantley,Boots,gbootsim@yellowpages.com,gbootsim@yellowpages.com,Female,Indonesia
Chester,Orts,cortsin@icq.com,cortsin@icq.com,Male,Colombia
Dunn,Guterson,dgutersonio@fc2.com,dgutersonio@fc2.com,Genderqueer,Philippines
Jori,Meininger,jmeiningerip@alexa.com,jmeiningerip@alexa.com,Male,Philippines
Lorette,Nobbs,lnobbsiq@live.com,lnobbsiq@live.com,Female,Greece
Rice,Letty,rlettyir@theatlantic.com,rlettyir@theatlantic.com,Agender,Palestinian Territory
Dario,Sansum,dsansumis@nyu.edu,dsansumis@nyu.edu,Male,Armenia
Konstance,Caulier,kcaulierit@usgs.gov,kcaulierit@usgs.gov,Polygender,Iraq
Nicol,Mundford,nmundfordiu@tinyurl.com,nmundfordiu@tinyurl.com,Male,Sweden
Netty,Longhorn,nlonghorniv@marketwatch.com,nlonghorniv@marketwatch.com,Polygender,Mexico
Fayre,Denisyuk,fdenisyukiw@hp.com,fdenisyukiw@hp.com,Female,China
Eric,Babe,ebabeix@flickr.com,ebabeix@flickr.com,Bigender,Sweden
Olivie,Cantwell,ocantwelliy@123-reg.co.uk,ocantwelliy@123-reg.co.uk,Genderqueer,Greece
Tasia,Brigman,tbrigmaniz@bluehost.com,tbrigmaniz@bluehost.com,Male,China
Cari,Hartwright,chartwrightj0@xrea.com,chartwrightj0@xrea.com,Non-binary,Morocco
Freeland,Crichten,fcrichtenj1@geocities.com,fcrichtenj1@geocities.com,Bigender,Indonesia
Sanders,Jadczak,sjadczakj2@unc.edu,sjadczakj2@unc.edu,Male,Azerbaijan
Clara,Sawtell,csawtellj3@icq.com,csawtellj3@icq.com,Non-binary,Slovenia
Corrine,Elwill,celwillj4@guardian.co.uk,celwillj4@guardian.co.uk,Male,Indonesia
Edeline,Boultwood,eboultwoodj5@printfriendly.com,eboultwoodj5@printfriendly.com,Polygender,China
Tonnie,Goranov,tgoranovj6@wikispaces.com,tgoranovj6@wikispaces.com,Bigender,Poland
Sada,Hosten,shostenj7@instagram.com,shostenj7@instagram.com,Non-binary,Sweden
Adelice,Vogeller,avogellerj8@amazonaws.com,avogellerj8@amazonaws.com,Male,Portugal
Ruddy,Ullock,rullockj9@tumblr.com,rullockj9@tumblr.com,Male,Sierra Leone
Sigismund,Hover,shoverja@amazonaws.com,shoverja@amazonaws.com,Genderqueer,France
Myrvyn,Rafe,mrafejb@nih.gov,mrafejb@nih.gov,Female,Niger
Rocky,Judd,rjuddjc@wufoo.com,rjuddjc@wufoo.com,Genderqueer,Poland
Elka,Maunders,emaundersjd@bbc.co.uk,emaundersjd@bbc.co.uk,Polygender,Afghanistan
Paola,Gobel,pgobelje@freewebs.com,pgobelje@freewebs.com,Female,Iran
Abbe,Woloschinski,awoloschinskijf@4shared.com,awoloschinskijf@4shared.com,Non-binary,Nigeria
Valry,Valasek,vvalasekjg@prweb.com,vvalasekjg@prweb.com,Agender,Anguilla
Mella,O'Nions,monionsjh@pagesperso-orange.fr,monionsjh@pagesperso-orange.fr,Agender,China
Sansone,Jarad,sjaradji@tumblr.com,sjaradji@tumblr.com,Bigender,Albania
Yetta,McCaw,ymccawjj@amazon.co.uk,ymccawjj@amazon.co.uk,Male,Russia
Jane,Espinho,jespinhojk@ihg.com,jespinhojk@ihg.com,Genderqueer,Slovenia
Frazier,Yeskov,fyeskovjl@moonfruit.com,fyeskovjl@moonfruit.com,Polygender,Russia
Rosina,Worley,rworleyjm@slideshare.net,rworleyjm@slideshare.net,Non-binary,Indonesia
Dore,Folkes,dfolkesjn@princeton.edu,dfolkesjn@princeton.edu,Female,Brazil
Hazlett,Vaskov,hvaskovjo@php.net,hvaskovjo@php.net,Male,Indonesia
Winston,Arnaudot,warnaudotjp@behance.net,warnaudotjp@behance.net,Female,Japan
Umberto,McLevie,umcleviejq@skype.com,umcleviejq@skype.com,Genderfluid,Yemen
Yves,Ewin,yewinjr@mac.com,yewinjr@mac.com,Female,Sweden
Thatcher,Gimber,tgimberjs@mayoclinic.com,tgimberjs@mayoclinic.com,Polygender,China
Jerrome,Dorrian,jdorrianjt@nih.gov,jdorrianjt@nih.gov,Male,China
Kaia,O'Hear,kohearju@jalbum.net,kohearju@jalbum.net,Genderqueer,Finland
Lacee,Tellenbach,ltellenbachjv@go.com,ltellenbachjv@go.com,Genderqueer,China
Floyd,Buske,fbuskejw@fema.gov,fbuskejw@fema.gov,Genderqueer,Russia
Nerty,Aitken,naitkenjx@fotki.com,naitkenjx@fotki.com,Agender,Bolivia
Heall,Judkins,hjudkinsjy@arstechnica.com,hjudkinsjy@arstechnica.com,Genderfluid,China
Tadio,Simond,tsimondjz@ted.com,tsimondjz@ted.com,Agender,Nigeria
Sigismundo,Ferraretto,sferrarettok0@soundcloud.com,sferrarettok0@soundcloud.com,Genderqueer,Indonesia
Alberik,Chevin,achevink1@ox.ac.uk,achevink1@ox.ac.uk,Female,Ghana
Milka,Bereford,mberefordk2@walmart.com,mberefordk2@walmart.com,Polygender,Poland
Leanor,Jenson,ljensonk3@newsvine.com,ljensonk3@newsvine.com,Non-binary,France
Kissiah,Lukianovich,klukianovichk4@dell.com,klukianovichk4@dell.com,Agender,Spain
Idelle,Cejka,icejkak5@weibo.com,icejkak5@weibo.com,Genderqueer,Philippines
Sue,Woodwin,swoodwink6@nsw.gov.au,swoodwink6@nsw.gov.au,Non-binary,Tajikistan
Svend,Colomb,scolombk7@so-net.ne.jp,scolombk7@so-net.ne.jp,Non-binary,Ukraine
Dalton,McCaskill,dmccaskillk8@squidoo.com,dmccaskillk8@squidoo.com,Genderqueer,Sweden
Abby,Hartzogs,ahartzogsk9@tuttocitta.it,ahartzogsk9@tuttocitta.it,Bigender,Russia
Yetta,Austen,yaustenka@cnet.com,yaustenka@cnet.com,Genderfluid,China
Keriann,Gibson,kgibsonkb@weather.com,kgibsonkb@weather.com,Male,Vietnam
Fidelity,Wahner,fwahnerkc@indiatimes.com,fwahnerkc@indiatimes.com,Female,China
Linette,MacGarrity,lmacgarritykd@facebook.com,lmacgarritykd@facebook.com,Bigender,Indonesia
Moise,Poundford,mpoundfordke@wikispaces.com,mpoundfordke@wikispaces.com,Bigender,Brazil
Aldin,Mahmood,amahmoodkf@cnbc.com,amahmoodkf@cnbc.com,Female,Russia
Justina,Markussen,jmarkussenkg@ucoz.ru,jmarkussenkg@ucoz.ru,Bigender,China
Terri,Berrington,tberringtonkh@tripadvisor.com,tberringtonkh@tripadvisor.com,Female,Poland
Christina,McKilroe,cmckilroeki@admin.ch,cmckilroeki@admin.ch,Agender,Nigeria
Mandi,Gatchell,mgatchellkj@bluehost.com,mgatchellkj@bluehost.com,Genderqueer,China
Lanie,Paireman,lpairemankk@nhs.uk,lpairemankk@nhs.uk,Polygender,Tanzania
Weston,Heinsh,wheinshkl@slate.com,wheinshkl@slate.com,Female,France
Kristin,Camin,kcaminkm@ebay.com,kcaminkm@ebay.com,Genderfluid,United States
Kipp,Ruddock,kruddockkn@archive.org,kruddockkn@archive.org,Male,Sweden
Mair,Scapelhorn,mscapelhornko@cdc.gov,mscapelhornko@cdc.gov,Genderfluid,Lithuania
Saree,O'Heffernan,soheffernankp@over-blog.com,soheffernankp@over-blog.com,Male,Czech Republic
Lisle,Marsland,lmarslandkq@google.co.jp,lmarslandkq@google.co.jp,Genderfluid,Portugal
Owen,Siseland,osiselandkr@purevolume.com,osiselandkr@purevolume.com,Genderqueer,Brazil
Bianka,Beevors,bbeevorsks@theatlantic.com,bbeevorsks@theatlantic.com,Male,Russia
Leilah,Braunstein,lbraunsteinkt@archive.org,lbraunsteinkt@archive.org,Non-binary,Brazil
Friedrich,Ludovici,fludoviciku@tiny.cc,fludoviciku@tiny.cc,Female,Czech Republic
Teresita,Elford,telfordkv@mediafire.com,telfordkv@mediafire.com,Male,United Kingdom
Susette,Beedie,sbeediekw@cnn.com,sbeediekw@cnn.com,Male,Netherlands
Jewell,Adelberg,jadelbergkx@discuz.net,jadelbergkx@discuz.net,Genderfluid,Hungary
Michell,Samworth,msamworthky@domainmarket.com,msamworthky@domainmarket.com,Female,Canada
Moss,Andryushchenko,mandryushchenkokz@umn.edu,mandryushchenkokz@umn.edu,Non-binary,Brazil
Valera,Wright,vwrightl0@csmonitor.com,vwrightl0@csmonitor.com,Female,Philippines
Ker,MacAllan,kmacallanl1@amazon.co.jp,kmacallanl1@amazon.co.jp,Genderqueer,Thailand
Amble,Guion,aguionl2@marketwatch.com,aguionl2@marketwatch.com,Male,Nigeria
Ferris,Summerlee,fsummerleel3@abc.net.au,fsummerleel3@abc.net.au,Genderqueer,China
Prescott,Dearn,pdearnl4@163.com,pdearnl4@163.com,Agender,Canada
Roshelle,Blower,rblowerl5@wordpress.com,rblowerl5@wordpress.com,Male,French Polynesia
Muriel,Alcock,malcockl6@g.co,malcockl6@g.co,Bigender,Portugal
Nikolos,Hinkley,nhinkleyl7@boston.com,nhinkleyl7@boston.com,Genderqueer,China
Silvester,Losano,slosanol8@sogou.com,slosanol8@sogou.com,Agender,Mongolia
Gerome,Provest,gprovestl9@rambler.ru,gprovestl9@rambler.ru,Female,Qatar
Orlan,Howieson,ohowiesonla@blogtalkradio.com,ohowiesonla@blogtalkradio.com,Agender,France
Carl,End,cendlb@redcross.org,cendlb@redcross.org,Bigender,Portugal
Shandy,McGraw,smcgrawlc@redcross.org,smcgrawlc@redcross.org,Female,China
Granville,Larne,glarneld@nytimes.com,glarneld@nytimes.com,Male,Nepal
Lydon,Newis,lnewisle@goo.ne.jp,lnewisle@goo.ne.jp,Genderqueer,Czech Republic
Noble,Mayward,nmaywardlf@yellowpages.com,nmaywardlf@yellowpages.com,Non-binary,China
Ada,Bissatt,abissattlg@nyu.edu,abissattlg@nyu.edu,Female,Serbia
Alfredo,Hawkswell,ahawkswelllh@ed.gov,ahawkswelllh@ed.gov,Non-binary,France
Tobiah,Setchfield,tsetchfieldli@google.co.jp,tsetchfieldli@google.co.jp,Genderqueer,Somalia
Joelynn,Vaudrey,jvaudreylj@google.com.au,jvaudreylj@google.com.au,Non-binary,Portugal
Kelsey,Rowles,krowleslk@addthis.com,krowleslk@addthis.com,Female,China
Florenza,Anthill,fanthillll@seesaa.net,fanthillll@seesaa.net,Male,Poland
Olva,Besant,obesantlm@multiply.com,obesantlm@multiply.com,Agender,China
Gerti,Sandon,gsandonln@nymag.com,gsandonln@nymag.com,Bigender,Indonesia
Lark,Turton,lturtonlo@rambler.ru,lturtonlo@rambler.ru,Non-binary,Poland
Horatio,Grinaugh,hgrinaughlp@craigslist.org,hgrinaughlp@craigslist.org,Non-binary,Maldives
Zeb,Hannum,zhannumlq@nasa.gov,zhannumlq@nasa.gov,Non-binary,Botswana
Hector,Pally,hpallylr@ning.com,hpallylr@ning.com,Non-binary,Morocco
Adriane,Babalola,ababalolals@usda.gov,ababalolals@usda.gov,Female,Sweden
Barnebas,Foxley,bfoxleylt@miitbeian.gov.cn,bfoxleylt@miitbeian.gov.cn,Agender,Philippines
Jordon,Basillon,jbasillonlu@soup.io,jbasillonlu@soup.io,Male,United States
Germaine,Grewar,ggrewarlv@zdnet.com,ggrewarlv@zdnet.com,Non-binary,Afghanistan
Chuck,Allday,calldaylw@godaddy.com,calldaylw@godaddy.com,Female,Russia
Carine,Massei,cmasseilx@devhub.com,cmasseilx@devhub.com,Male,China
Martica,Lacey,mlaceyly@home.pl,mlaceyly@home.pl,Bigender,China
Aylmar,Sumpton,asumptonlz@ft.com,asumptonlz@ft.com,Non-binary,Brazil
Laverne,MacAlester,lmacalesterm0@microsoft.com,lmacalesterm0@microsoft.com,Non-binary,France
Aldridge,Lakin,alakinm1@vk.com,alakinm1@vk.com,Non-binary,China
Clement,Grishanin,cgrishaninm2@tamu.edu,cgrishaninm2@tamu.edu,Non-binary,Guatemala
Richardo,O'Scanlon,roscanlonm3@marriott.com,roscanlonm3@marriott.com,Female,China
Artur,Macvey,amacveym4@stumbleupon.com,amacveym4@stumbleupon.com,Agender,Croatia
Kile,Nashe,knashem5@cnn.com,knashem5@cnn.com,Genderqueer,Brazil
Adrea,Pole,apolem6@go.com,apolem6@go.com,Genderfluid,Indonesia
Karlis,Bulch,kbulchm7@is.gd,kbulchm7@is.gd,Bigender,Netherlands
Cosimo,Roper,croperm8@fotki.com,croperm8@fotki.com,Male,France
De,O'Fairy,dofairym9@usgs.gov,dofairym9@usgs.gov,Male,Philippines
Lacie,Jolliffe,ljolliffema@seesaa.net,ljolliffema@seesaa.net,Polygender,United States
Cassie,Lehrmann,clehrmannmb@behance.net,clehrmannmb@behance.net,Bigender,Indonesia
Fremont,Ladbrook,fladbrookmc@marriott.com,fladbrookmc@marriott.com,Genderqueer,Pakistan
Felice,Meneo,fmeneomd@fda.gov,fmeneomd@fda.gov,Female,China
Eugene,Plett,eplettme@bloomberg.com,eplettme@bloomberg.com,Female,Thailand
Parnell,Philippart,pphilippartmf@boston.com,pphilippartmf@boston.com,Polygender,China
Claudius,Biddlecombe,cbiddlecombemg@infoseek.co.jp,cbiddlecombemg@infoseek.co.jp,Agender,Portugal
Janey,Bargery,jbargerymh@vistaprint.com,jbargerymh@vistaprint.com,Genderfluid,Sweden
Rayshell,Ledgley,rledgleymi@unblog.fr,rledgleymi@unblog.fr,Bigender,Tanzania
Etta,Synnot,esynnotmj@who.int,esynnotmj@who.int,Agender,Poland
Dal,Clayden,dclaydenmk@xinhuanet.com,dclaydenmk@xinhuanet.com,Agender,Libya
Chauncey,Treacher,ctreacherml@freewebs.com,ctreacherml@freewebs.com,Genderfluid,Brazil
Kimbell,O'Kieran,kokieranmm@eepurl.com,kokieranmm@eepurl.com,Non-binary,Philippines
Orelee,Lamblot,olamblotmn@springer.com,olamblotmn@springer.com,Female,China
Faulkner,Retchless,fretchlessmo@dion.ne.jp,fretchlessmo@dion.ne.jp,Male,Nigeria
Merrile,Tolliday,mtollidaymp@usgs.gov,mtollidaymp@usgs.gov,Female,Paraguay
Patrizia,Tison,ptisonmq@irs.gov,ptisonmq@irs.gov,Genderfluid,China
Koren,Drust,kdrustmr@4shared.com,kdrustmr@4shared.com,Agender,China
Sauveur,Bahlmann,sbahlmannms@google.es,sbahlmannms@google.es,Agender,Portugal
Samuel,Joule,sjoulemt@bravesites.com,sjoulemt@bravesites.com,Female,Finland
Opalina,Youngman,oyoungmanmu@flickr.com,oyoungmanmu@flickr.com,Agender,Greece
Ibby,Cromar,icromarmv@chron.com,icromarmv@chron.com,Non-binary,France
My,Stammer,mstammermw@infoseek.co.jp,mstammermw@infoseek.co.jp,Bigender,Philippines
Kerwin,Colkett,kcolkettmx@upenn.edu,kcolkettmx@upenn.edu,Polygender,Czech Republic
Bob,Little,blittlemy@skype.com,blittlemy@skype.com,Genderqueer,Portugal
Alyosha,Fosdick,afosdickmz@aboutads.info,afosdickmz@aboutads.info,Bigender,Benin
Maggee,Drejer,mdrejern0@mtv.com,mdrejern0@mtv.com,Genderqueer,Philippines
Nadia,Sheirlaw,nsheirlawn1@feedburner.com,nsheirlawn1@feedburner.com,Genderfluid,Tajikistan
Yorker,Treffry,ytreffryn2@omniture.com,ytreffryn2@omniture.com,Genderfluid,South Africa
Tabitha,Tuxell,ttuxelln3@godaddy.com,ttuxelln3@godaddy.com,Bigender,Argentina
Blakelee,Spence,bspencen4@amazon.co.uk,bspencen4@amazon.co.uk,Polygender,Armenia
Annabela,Sharrock,asharrockn5@bigcartel.com,asharrockn5@bigcartel.com,Genderqueer,Philippines
Greg,Maharry,gmaharryn6@myspace.com,gmaharryn6@myspace.com,Female,Brazil
Hattie,Bilby,hbilbyn7@youtube.com,hbilbyn7@youtube.com,Non-binary,Indonesia
Jolie,Fripp,jfrippn8@army.mil,jfrippn8@army.mil,Genderqueer,Philippines
Kellby,Kuhl,kkuhln9@studiopress.com,kkuhln9@studiopress.com,Non-binary,Peru
Eachelle,Helm,ehelmna@zimbio.com,ehelmna@zimbio.com,Genderfluid,Slovenia
Terrell,MacAdam,tmacadamnb@narod.ru,tmacadamnb@narod.ru,Non-binary,China
Audrye,Glavin,aglavinnc@themeforest.net,aglavinnc@themeforest.net,Male,Czech Republic
Gigi,Crotch,gcrotchnd@oracle.com,gcrotchnd@oracle.com,Female,Ghana
Joni,Iowarch,jiowarchne@nih.gov,jiowarchne@nih.gov,Male,Indonesia
Lexi,Ribou,lribounf@economist.com,lribounf@economist.com,Female,Malaysia
Simmonds,Dowber,sdowberng@bing.com,sdowberng@bing.com,Bigender,Brazil
Dallas,Peyto,dpeytonh@cnn.com,dpeytonh@cnn.com,Genderqueer,Poland
Lacie,Attyeo,lattyeoni@homestead.com,lattyeoni@homestead.com,Genderfluid,South Korea
Bengt,Cass,bcassnj@slate.com,bcassnj@slate.com,Female,Philippines
Coreen,Patkin,cpatkinnk@hubpages.com,cpatkinnk@hubpages.com,Agender,Poland
Guillemette,Kemshell,gkemshellnl@wunderground.com,gkemshellnl@wunderground.com,Male,Indonesia
Ware,Petrasch,wpetraschnm@china.com.cn,wpetraschnm@china.com.cn,Polygender,Poland
Riley,Tattersdill,rtattersdillnn@networksolutions.com,rtattersdillnn@networksolutions.com,Agender,Mauritania
Maxy,Batrop,mbatropno@topsy.com,mbatropno@topsy.com,Polygender,Russia
Laina,Ambrosi,lambrosinp@pen.io,lambrosinp@pen.io,Agender,Philippines
Welbie,Kas,wkasnq@reuters.com,wkasnq@reuters.com,Non-binary,United States
Saul,Guest,sguestnr@blogger.com,sguestnr@blogger.com,Genderqueer,Peru
Nickie,Fellman,nfellmanns@cdc.gov,nfellmanns@cdc.gov,Non-binary,Russia
Siffre,Girling,sgirlingnt@shinystat.com,sgirlingnt@shinystat.com,Genderfluid,Colombia
Anatollo,Gouldbourn,agouldbournnu@hp.com,agouldbournnu@hp.com,Genderqueer,Nigeria
Maiga,Asson,massonnv@unesco.org,massonnv@unesco.org,Male,Thailand
Charmane,Angus,cangusnw@wordpress.org,cangusnw@wordpress.org,Polygender,Portugal
Terry,Havile,thavilenx@yale.edu,thavilenx@yale.edu,Male,China
Gerald,Savory,gsavoryny@typepad.com,gsavoryny@typepad.com,Female,Portugal
Dennet,Bargery,dbargerynz@rambler.ru,dbargerynz@rambler.ru,Genderqueer,Italy
Dasya,Goundrill,dgoundrillo0@barnesandnoble.com,dgoundrillo0@barnesandnoble.com,Polygender,Vietnam
Elonore,Cronin,ecronino1@woothemes.com,ecronino1@woothemes.com,Female,Argentina
Jamil,Varnham,jvarnhamo2@unc.edu,jvarnhamo2@unc.edu,Bigender,Myanmar
Augustine,Duckworth,aduckwortho3@moonfruit.com,aduckwortho3@moonfruit.com,Non-binary,Indonesia
Adah,Pydcock,apydcocko4@home.pl,apydcocko4@home.pl,Female,Nigeria
Alvy,Shorthill,ashorthillo5@webmd.com,ashorthillo5@webmd.com,Polygender,China
Keary,Mowsdale,kmowsdaleo6@discovery.com,kmowsdaleo6@discovery.com,Bigender,Brazil
Glynis,Chismon,gchismono7@google.nl,gchismono7@google.nl,Genderqueer,United States
Ward,Dimblebee,wdimblebeeo8@naver.com,wdimblebeeo8@naver.com,Agender,Bulgaria
Lanie,Crewes,lcreweso9@mail.ru,lcreweso9@mail.ru,Agender,China
Julia,Ahrenius,jahreniusoa@wunderground.com,jahreniusoa@wunderground.com,Non-binary,Malaysia
Nance,Hanshawe,nhanshaweob@behance.net,nhanshaweob@behance.net,Genderfluid,China
Shelbi,Loblie,sloblieoc@diigo.com,sloblieoc@diigo.com,Polygender,China
Theresa,McKeaveney,tmckeaveneyod@whitehouse.gov,tmckeaveneyod@whitehouse.gov,Genderfluid,Portugal
Rutherford,Selbach,rselbachoe@dedecms.com,rselbachoe@dedecms.com,Agender,China
Allx,Di Gregorio,adigregorioof@ebay.co.uk,adigregorioof@ebay.co.uk,Genderqueer,China
Chelsie,Tabourin,ctabourinog@engadget.com,ctabourinog@engadget.com,Polygender,China
Reynard,Bownde,rbowndeoh@phpbb.com,rbowndeoh@phpbb.com,Polygender,Iran
Vyky,Scammonden,vscammondenoi@wiley.com,vscammondenoi@wiley.com,Agender,Costa Rica
Merrielle,Reicharz,mreicharzoj@cloudflare.com,mreicharzoj@cloudflare.com,Non-binary,Mexico
Bent,Pracy,bpracyok@vinaora.com,bpracyok@vinaora.com,Non-binary,China
Meghann,Vittel,mvittelol@google.co.uk,mvittelol@google.co.uk,Female,Botswana
Saxon,Sonner,ssonnerom@nifty.com,ssonnerom@nifty.com,Non-binary,China
Kennan,Grave,kgraveon@answers.com,kgraveon@answers.com,Polygender,China
Cornie,Adcocks,cadcocksoo@mozilla.org,cadcocksoo@mozilla.org,Genderfluid,Kyrgyzstan
Xylina,Shemwell,xshemwellop@artisteer.com,xshemwellop@artisteer.com,Genderqueer,Czech Republic
Ashli,Jendricke,ajendrickeoq@yellowpages.com,ajendrickeoq@yellowpages.com,Agender,China
Rand,Betjes,rbetjesor@ow.ly,rbetjesor@ow.ly,Agender,Thailand
Huntlee,Egdal,hegdalos@mtv.com,hegdalos@mtv.com,Female,Japan
Zaneta,Graveston,zgravestonot@nymag.com,zgravestonot@nymag.com,Male,Sweden
Mariann,Reed,mreedou@comsenz.com,mreedou@comsenz.com,Agender,Jordan
Orel,Fardoe,ofardoeov@icq.com,ofardoeov@icq.com,Genderqueer,China
Leann,Haye,lhayeow@csmonitor.com,lhayeow@csmonitor.com,Agender,China
Lurlene,Pett,lpettox@51.la,lpettox@51.la,Female,Portugal
Mateo,Sapshed,msapshedoy@nationalgeographic.com,msapshedoy@nationalgeographic.com,Female,Macedonia
Calhoun,Didball,cdidballoz@noaa.gov,cdidballoz@noaa.gov,Genderfluid,Japan
Erinna,Bernardino,ebernardinop0@1688.com,ebernardinop0@1688.com,Bigender,Honduras
Alexandros,Rosten,arostenp1@over-blog.com,arostenp1@over-blog.com,Male,Pakistan
Mata,Elsip,melsipp2@cloudflare.com,melsipp2@cloudflare.com,Male,Liberia
Benedetta,Aspinal,baspinalp3@huffingtonpost.com,baspinalp3@huffingtonpost.com,Polygender,China
Blakelee,Blais,bblaisp4@shop-pro.jp,bblaisp4@shop-pro.jp,Genderfluid,Indonesia
Tybalt,Salamon,tsalamonp5@wikimedia.org,tsalamonp5@wikimedia.org,Agender,Russia
Margareta,Clixby,mclixbyp6@ocn.ne.jp,mclixbyp6@ocn.ne.jp,Female,Philippines
Peirce,Tight,ptightp7@state.gov,ptightp7@state.gov,Male,Yemen
Gaston,Sexstone,gsexstonep8@who.int,gsexstonep8@who.int,Genderfluid,Haiti
Rene,Leechman,rleechmanp9@deliciousdays.com,rleechmanp9@deliciousdays.com,Genderqueer,Croatia
Ingemar,Biggerstaff,ibiggerstaffpa@dion.ne.jp,ibiggerstaffpa@dion.ne.jp,Polygender,Indonesia
Brigg,Priddle,bpriddlepb@artisteer.com,bpriddlepb@artisteer.com,Genderqueer,Norway
Mordecai,Lamb,mlambpc@lulu.com,mlambpc@lulu.com,Non-binary,Brazil
Beck,Bullough,bbulloughpd@xrea.com,bbulloughpd@xrea.com,Polygender,Czech Republic
Garrot,Gennrich,ggennrichpe@geocities.jp,ggennrichpe@geocities.jp,Genderqueer,France
Arlee,Dunk,adunkpf@ucoz.ru,adunkpf@ucoz.ru,Male,Russia
Townsend,Nafzger,tnafzgerpg@home.pl,tnafzgerpg@home.pl,Non-binary,China
Hobard,Basilotta,hbasilottaph@nasa.gov,hbasilottaph@nasa.gov,Male,Greece
Artur,Affron,aaffronpi@etsy.com,aaffronpi@etsy.com,Non-binary,Peru
Kala,Levane,klevanepj@theglobeandmail.com,klevanepj@theglobeandmail.com,Genderfluid,Poland
Roarke,Lodge,rlodgepk@ox.ac.uk,rlodgepk@ox.ac.uk,Female,Bulgaria
Jefferey,Drioli,jdriolipl@last.fm,jdriolipl@last.fm,Female,Uzbekistan
Goober,Begley,gbegleypm@noaa.gov,gbegleypm@noaa.gov,Genderqueer,China
Gweneth,Karel,gkarelpn@prnewswire.com,gkarelpn@prnewswire.com,Female,France
Tiffie,Skatcher,tskatcherpo@nasa.gov,tskatcherpo@nasa.gov,Genderqueer,Estonia
Dennis,Wesson,dwessonpp@webnode.com,dwessonpp@webnode.com,Polygender,Czech Republic
Gabrila,Battrum,gbattrumpq@columbia.edu,gbattrumpq@columbia.edu,Agender,Sweden
Prinz,Stott,pstottpr@tripod.com,pstottpr@tripod.com,Agender,Nigeria
Andie,Derell,aderellps@archive.org,aderellps@archive.org,Agender,Dominican Republic
Alanah,Hainge,ahaingept@google.es,ahaingept@google.es,Genderfluid,Japan
Winnah,Brickham,wbrickhampu@cnet.com,wbrickhampu@cnet.com,Female,China
Alayne,Tatteshall,atatteshallpv@sourceforge.net,atatteshallpv@sourceforge.net,Bigender,Philippines
Theodor,Bresman,tbresmanpw@rakuten.co.jp,tbresmanpw@rakuten.co.jp,Bigender,Czech Republic
Harv,Howatt,hhowattpx@wordpress.com,hhowattpx@wordpress.com,Genderfluid,Malaysia
Vicky,Gyurko,vgyurkopy@go.com,vgyurkopy@go.com,Male,Brazil
Vickie,Pembridge,vpembridgepz@moonfruit.com,vpembridgepz@moonfruit.com,Non-binary,China
Stavro,Vasilchikov,svasilchikovq0@illinois.edu,svasilchikovq0@illinois.edu,Genderqueer,China
Shelagh,Lamyman,slamymanq1@spiegel.de,slamymanq1@spiegel.de,Agender,Poland
Nelson,Forsdyke,nforsdykeq2@chronoengine.com,nforsdykeq2@chronoengine.com,Genderqueer,Iran
Tremaine,Ganiclef,tganiclefq3@storify.com,tganiclefq3@storify.com,Female,Philippines
Sinclare,Febre,sfebreq4@marriott.com,sfebreq4@marriott.com,Agender,Nicaragua
Ermengarde,Gathwaite,egathwaiteq5@skyrock.com,egathwaiteq5@skyrock.com,Male,Colombia
Torrey,Fullegar,tfullegarq6@squarespace.com,tfullegarq6@squarespace.com,Agender,Greece
Elianora,Spaxman,espaxmanq7@hao123.com,espaxmanq7@hao123.com,Agender,Czech Republic
Yves,Hanmore,yhanmoreq8@aboutads.info,yhanmoreq8@aboutads.info,Polygender,Brazil
Madelina,Topling,mtoplingq9@tripadvisor.com,mtoplingq9@tripadvisor.com,Genderqueer,China
Feliza,Ruggier,fruggierqa@fc2.com,fruggierqa@fc2.com,Genderqueer,China
Nerte,Bellew,nbellewqb@skyrock.com,nbellewqb@skyrock.com,Female,Iceland
Jeanne,Le Leu,jleleuqc@columbia.edu,jleleuqc@columbia.edu,Genderfluid,Costa Rica
Winifred,Georgiev,wgeorgievqd@marketwatch.com,wgeorgievqd@marketwatch.com,Genderqueer,Indonesia
Mona,Hamprecht,mhamprechtqe@cocolog-nifty.com,mhamprechtqe@cocolog-nifty.com,Genderqueer,Sweden
Jocko,Dowyer,jdowyerqf@go.com,jdowyerqf@go.com,Genderqueer,Tanzania
Jule,Peacher,jpeacherqg@biblegateway.com,jpeacherqg@biblegateway.com,Genderfluid,Poland
Jeanne,Salmons,jsalmonsqh@army.mil,jsalmonsqh@army.mil,Polygender,Indonesia
Faustine,Ashbridge,fashbridgeqi@gov.uk,fashbridgeqi@gov.uk,Genderqueer,Indonesia
Biron,Swales,bswalesqj@merriam-webster.com,bswalesqj@merriam-webster.com,Female,South Korea
Kimbell,Mohammed,kmohammedqk@feedburner.com,kmohammedqk@feedburner.com,Agender,Macedonia
Julia,Hyslop,jhyslopql@bloglines.com,jhyslopql@bloglines.com,Polygender,South Africa
Casey,Yaldren,cyaldrenqm@seesaa.net,cyaldrenqm@seesaa.net,Bigender,Indonesia
Pierre,Tams,ptamsqn@google.com.hk,ptamsqn@google.com.hk,Bigender,South Africa
Guenna,Tonsley,gtonsleyqo@uol.com.br,gtonsleyqo@uol.com.br,Bigender,Czech Republic
Jsandye,Mil,jmilqp@loc.gov,jmilqp@loc.gov,Bigender,France
Sheff,Galvin,sgalvinqq@google.nl,sgalvinqq@google.nl,Agender,Poland
Ida,Delahunty,idelahuntyqr@istockphoto.com,idelahuntyqr@istockphoto.com,Bigender,Greece
Eddy,Blackly,eblacklyqs@delicious.com,eblacklyqs@delicious.com,Genderfluid,China
Grace,Auguste,gaugusteqt@umn.edu,gaugusteqt@umn.edu,Agender,China
Courtnay,Canto,ccantoqu@wired.com,ccantoqu@wired.com,Non-binary,Yemen
Sela,Sparkwill,ssparkwillqv@biglobe.ne.jp,ssparkwillqv@biglobe.ne.jp,Genderfluid,China
Polly,Canadas,pcanadasqw@newyorker.com,pcanadasqw@newyorker.com,Bigender,Brazil
Joannes,Belasco,jbelascoqx@alibaba.com,jbelascoqx@alibaba.com,Genderqueer,Philippines
Addison,Masseo,amasseoqy@51.la,amasseoqy@51.la,Polygender,Indonesia
Sherye,Stebles,ssteblesqz@skype.com,ssteblesqz@skype.com,Polygender,China
Jany,Faichney,jfaichneyr0@freewebs.com,jfaichneyr0@freewebs.com,Bigender,Cyprus
Aidan,Woodthorpe,awoodthorper1@goo.gl,awoodthorper1@goo.gl,Non-binary,Philippines
Enid,Berg,ebergr2@cnet.com,ebergr2@cnet.com,Male,Venezuela
Rube,Begin,rbeginr3@imgur.com,rbeginr3@imgur.com,Genderfluid,Cuba
Jennie,Rowe,jrower4@bravesites.com,jrower4@bravesites.com,Non-binary,Peru
Eachelle,Moreinis,emoreinisr5@ehow.com,emoreinisr5@ehow.com,Genderqueer,Japan
Dar,Renshaw,drenshawr6@lycos.com,drenshawr6@lycos.com,Male,Indonesia
Zulema,Emmanuele,zemmanueler7@oakley.com,zemmanueler7@oakley.com,Genderqueer,Madagascar
Elena,Potter,epotterr8@netlog.com,epotterr8@netlog.com,Male,Argentina
Kristo,Harsnipe,kharsniper9@biblegateway.com,kharsniper9@biblegateway.com,Genderfluid,Indonesia
Kinna,Caso,kcasora@springer.com,kcasora@springer.com,Male,South Africa
Myriam,Gaitone,mgaitonerb@etsy.com,mgaitonerb@etsy.com,Genderqueer,Vietnam
Anne,Ugolotti,augolottirc@yahoo.com,augolottirc@yahoo.com,Polygender,China
Verge,Okey,vokeyrd@disqus.com,vokeyrd@disqus.com,Female,Morocco
Marchelle,Joyner,mjoynerre@cmu.edu,mjoynerre@cmu.edu,Female,Sweden
Kalvin,Daouse,kdaouserf@wunderground.com,kdaouserf@wunderground.com,Non-binary,Indonesia
Wenona,McGrail,wmcgrailrg@seesaa.net,wmcgrailrg@seesaa.net,Non-binary,China
Stephan,Absalom,sabsalomrh@dyndns.org,sabsalomrh@dyndns.org,Agender,Indonesia
Gil,Rashleigh,grashleighri@ezinearticles.com,grashleighri@ezinearticles.com,Agender,Ukraine
Venita,Bonney,vbonneyrj@newyorker.com,vbonneyrj@newyorker.com,Polygender,Philippines
Way,Bartoletti,wbartolettirk@nbcnews.com,wbartolettirk@nbcnews.com,Genderqueer,Thailand
Mortimer,Shearn,mshearnrm@gov.uk,mshearnrm@gov.uk,Non-binary,Italy
Bendix,Pittel,bpittelrn@nps.gov,bpittelrn@nps.gov,Female,Ireland
Uriah,Cordova,ucordovaro@statcounter.com,ucordovaro@statcounter.com,Genderqueer,Armenia
Spenser,Burchett,sburchettrp@comcast.net,sburchettrp@comcast.net,Genderfluid,Iran
Pavia,Demkowicz,pdemkowiczrq@usa.gov,pdemkowiczrq@usa.gov,Female,China
Ofella,Neillans,oneillansrr@woothemes.com,oneillansrr@woothemes.com,Male,Colombia
